Account, Parent, Alias: Default, Valid For Consolidations, Data Storage, Two Pass Calculation, Description, Formula, Formula Description, UDA, Smart List, Data Type, Hierarchy Type, Enable for Dynamic Children, Number of Possible Dynamic Children, Access Granted to Member Creator, Allow Upper Level Entity Input, Process Management Enabled, UUID, Data Id, Old Name, Old Unique Name, Account Type, Time Balance, Skip Value, Exchange Rate Type, Variance Reporting, Source Plan Type, Plan Type (Plan1), Aggregation (Plan1), Data Storage (Plan1), Formula (Plan1), Solve Order (Plan1), Formula Description (Plan1), Plan Type (ApexPlan), Aggregation (ApexPlan), Data Storage (ApexPlan), Formula (ApexPlan), Solve Order (ApexPlan), Formula Description (ApexPlan), Operation
Planning_Accounts,Account,Planning Accounts,FALSE,label only,FALSE,Root planning-account hierarchy,<none>,<none>,,,unspecified,none,,,,FALSE,TRUE,,,,<none>,revenue,average,missing,none,non-expense,Plan1,TRUE,~,label only,<none>,0,,TRUE,+,label only,<none>,0,,
Sales_Planning,Planning_Accounts,Sales Planning,FALSE,never share,FALSE,Demand promotion consensus and pricing model,<none>,<none>,,,unspecified,none,,,,FALSE,TRUE,,,,<none>,revenue,average,missing,none,non-expense,Plan1,TRUE,~,never share,<none>,0,,TRUE,~,never share,<none>,0,,
Demand_Drivers,Sales_Planning,Demand Drivers,FALSE,never share,FALSE,Historical baseline promotion and consensus drivers,<none>,<none>,,,unspecified,none,,,,FALSE,TRUE,,,,<none>,revenue,average,missing,none,non-expense,Plan1,TRUE,~,never share,<none>,0,,TRUE,~,never share,<none>,0,,
Historical_Sales_Units,Demand_Drivers,Historical Sales Units,FALSE,store,FALSE,Loaded historical unit demand,<none>,<none>,,,unspecified,none,,,,FALSE,TRUE,,,,<none>,revenue,average,missing,none,non-expense,Plan1,TRUE,~,store,<none>,0,,TRUE,~,store,<none>,0,,
Normalization_Adjustment,Demand_Drivers,Normalization Adjustment,FALSE,store,FALSE,Controlled history correction in units,<none>,<none>,,,unspecified,none,,,,FALSE,TRUE,,,,<none>,revenue,average,missing,none,non-expense,Plan1,TRUE,~,store,<none>,0,,TRUE,~,store,<none>,0,,
Normalized_Demand,Demand_Drivers,Normalized Demand,FALSE,store,FALSE,Historical demand after approved normalization,<none>,<none>,,,unspecified,none,,,,FALSE,TRUE,,,,<none>,revenue,average,missing,none,non-expense,Plan1,TRUE,~,store,<none>,0,,TRUE,~,store,<none>,0,,
Average_3M_Demand,Demand_Drivers,3 Month Average Demand,FALSE,store,FALSE,Recent demand average,<none>,<none>,,,unspecified,none,,,,FALSE,TRUE,,,,<none>,revenue,average,missing,none,non-expense,Plan1,TRUE,~,store,<none>,0,,TRUE,~,store,<none>,0,,
Average_6M_Demand,Demand_Drivers,6 Month Average Demand,FALSE,store,FALSE,Medium horizon demand average,<none>,<none>,,,unspecified,none,,,,FALSE,TRUE,,,,<none>,revenue,average,missing,none,non-expense,Plan1,TRUE,~,store,<none>,0,,TRUE,~,store,<none>,0,,
Average_12M_Demand,Demand_Drivers,12 Month Average Demand,FALSE,store,FALSE,Full year demand average,<none>,<none>,,,unspecified,none,,,,FALSE,TRUE,,,,<none>,revenue,average,missing,none,non-expense,Plan1,TRUE,~,store,<none>,0,,TRUE,~,store,<none>,0,,
Weighted_Average_Demand,Demand_Drivers,Weighted Average Demand,FALSE,store,FALSE,Approved recency weighted demand,<none>,<none>,,,unspecified,none,,,,FALSE,TRUE,,,,<none>,revenue,average,missing,none,non-expense,Plan1,TRUE,~,store,<none>,0,,TRUE,~,store,<none>,0,,
Growth_Rate,Demand_Drivers,Growth Rate,FALSE,store,FALSE,Approved demand growth percent,<none>,<none>,,,unspecified,none,,,,FALSE,TRUE,,,,<none>,revenue,average,missing,none,non-expense,Plan1,TRUE,~,store,<none>,0,,TRUE,~,store,<none>,0,,
Seasonality_Index,Demand_Drivers,Seasonality Index,FALSE,store,FALSE,Period demand multiplier,<none>,<none>,,,unspecified,none,,,,FALSE,TRUE,,,,<none>,revenue,average,missing,none,non-expense,Plan1,TRUE,~,store,<none>,0,,TRUE,~,store,<none>,0,,
Baseline_Demand,Demand_Drivers,Baseline Demand,FALSE,store,FALSE,Growth and seasonality adjusted demand,<none>,<none>,,,unspecified,none,,,,FALSE,TRUE,,,,<none>,revenue,average,missing,none,non-expense,Plan1,TRUE,~,store,<none>,0,,TRUE,~,store,<none>,0,,
Promotion_Uplift_Percent,Demand_Drivers,Promotion Uplift Percent,FALSE,store,FALSE,Approved campaign uplift rate,<none>,<none>,,,unspecified,none,,,,FALSE,TRUE,,,,<none>,revenue,average,missing,none,non-expense,Plan1,TRUE,~,store,<none>,0,,TRUE,~,store,<none>,0,,
Promotion_Uplift_Units,Demand_Drivers,Promotion Uplift Units,FALSE,store,FALSE,Calculated promotion demand increment,<none>,<none>,,,unspecified,none,,,,FALSE,TRUE,,,,<none>,revenue,average,missing,none,non-expense,Plan1,TRUE,~,store,<none>,0,,TRUE,~,store,<none>,0,,
Price_Change_Percent,Demand_Drivers,Price Change Percent,FALSE,store,FALSE,Approved price movement,<none>,<none>,,,unspecified,none,,,,FALSE,TRUE,,,,<none>,revenue,average,missing,none,non-expense,Plan1,TRUE,~,store,<none>,0,,TRUE,~,store,<none>,0,,
Price_Elasticity,Demand_Drivers,Price Elasticity,FALSE,store,FALSE,Approved demand response ratio,<none>,<none>,,,unspecified,none,,,,FALSE,TRUE,,,,<none>,revenue,average,missing,none,non-expense,Plan1,TRUE,~,store,<none>,0,,TRUE,~,store,<none>,0,,
Price_Elasticity_Effect,Demand_Drivers,Price Elasticity Effect,FALSE,store,FALSE,Calculated unit impact of price change,<none>,<none>,,,unspecified,none,,,,FALSE,TRUE,,,,<none>,revenue,average,missing,none,non-expense,Plan1,TRUE,~,store,<none>,0,,TRUE,~,store,<none>,0,,
Cannibalization_Units,Demand_Drivers,Cannibalization Units,FALSE,store,FALSE,Calculated portfolio demand reduction,<none>,<none>,,,unspecified,none,,,,FALSE,TRUE,,,,<none>,revenue,average,missing,none,non-expense,Plan1,TRUE,~,store,<none>,0,,TRUE,~,store,<none>,0,,
Halo_Units,Demand_Drivers,Halo Units,FALSE,store,FALSE,Calculated portfolio demand increase,<none>,<none>,,,unspecified,none,,,,FALSE,TRUE,,,,<none>,revenue,average,missing,none,non-expense,Plan1,TRUE,~,store,<none>,0,,TRUE,~,store,<none>,0,,
Statistical_Promotional_Demand,Demand_Drivers,Statistical Promotional Demand,FALSE,store,FALSE,Calculated demand after promotion effects,<none>,<none>,,,unspecified,none,,,,FALSE,TRUE,,,,<none>,revenue,average,missing,none,non-expense,Plan1,TRUE,~,store,<none>,0,,TRUE,~,store,<none>,0,,
Sales_Forecast_Units,Demand_Drivers,Sales Forecast Units,FALSE,store,FALSE,Sales owned forecast input,<none>,<none>,,,unspecified,none,,,,FALSE,TRUE,,,,<none>,revenue,average,missing,none,non-expense,Plan1,TRUE,~,store,<none>,0,,TRUE,~,store,<none>,0,,
Channel_Commitment_Units,Demand_Drivers,Channel Commitment Units,FALSE,store,FALSE,Channel owned demand input,<none>,<none>,,,unspecified,none,,,,FALSE,TRUE,,,,<none>,revenue,average,missing,none,non-expense,Plan1,TRUE,~,store,<none>,0,,TRUE,~,store,<none>,0,,
Marketing_Forecast_Units,Demand_Drivers,Marketing Forecast Units,FALSE,store,FALSE,Marketing owned demand input,<none>,<none>,,,unspecified,none,,,,FALSE,TRUE,,,,<none>,revenue,average,missing,none,non-expense,Plan1,TRUE,~,store,<none>,0,,TRUE,~,store,<none>,0,,
Weighted_Consensus_Units,Demand_Drivers,Weighted Consensus Units,FALSE,store,FALSE,Calculated weighted consensus before management adjustment,<none>,<none>,,,unspecified,none,,,,FALSE,TRUE,,,,<none>,revenue,average,missing,none,non-expense,Plan1,TRUE,~,store,<none>,0,,TRUE,~,store,<none>,0,,
Management_Adjustment_Units,Demand_Drivers,Management Adjustment Units,FALSE,store,FALSE,Separately approved consensus adjustment,<none>,<none>,,,unspecified,none,,,,FALSE,TRUE,,,,<none>,revenue,average,missing,none,non-expense,Plan1,TRUE,~,store,<none>,0,,TRUE,~,store,<none>,0,,
Consensus_Sales_Units,Demand_Drivers,Consensus Sales Units,FALSE,store,FALSE,Approved demand passed to operations,<none>,<none>,,,unspecified,none,,,,FALSE,TRUE,,,,<none>,revenue,average,missing,none,non-expense,Plan1,TRUE,~,store,<none>,0,,TRUE,~,store,<none>,0,,
Pricing_Drivers,Sales_Planning,Pricing Drivers,FALSE,never share,FALSE,Price discount and provision drivers,<none>,<none>,,,unspecified,none,,,,FALSE,TRUE,,,,<none>,revenue,average,missing,none,non-expense,Plan1,TRUE,~,never share,<none>,0,,TRUE,~,never share,<none>,0,,
List_Price,Pricing_Drivers,List Price,FALSE,store,FALSE,Base selling price per unit,<none>,<none>,,,unspecified,none,,,,FALSE,TRUE,,,,<none>,revenue,average,missing,none,non-expense,Plan1,TRUE,~,store,<none>,0,,TRUE,~,store,<none>,0,,
Contract_Discount_Percent,Pricing_Drivers,Contract Discount Percent,FALSE,store,FALSE,Contract discount rate,<none>,<none>,,,unspecified,none,,,,FALSE,TRUE,,,,<none>,revenue,average,missing,none,non-expense,Plan1,TRUE,~,store,<none>,0,,TRUE,~,store,<none>,0,,
Promotion_Discount_Percent,Pricing_Drivers,Promotion Discount Percent,FALSE,store,FALSE,Promotion discount rate,<none>,<none>,,,unspecified,none,,,,FALSE,TRUE,,,,<none>,revenue,average,missing,none,non-expense,Plan1,TRUE,~,store,<none>,0,,TRUE,~,store,<none>,0,,
Volume_Discount_Percent,Pricing_Drivers,Volume Discount Percent,FALSE,store,FALSE,Volume discount rate,<none>,<none>,,,unspecified,none,,,,FALSE,TRUE,,,,<none>,revenue,average,missing,none,non-expense,Plan1,TRUE,~,store,<none>,0,,TRUE,~,store,<none>,0,,
Channel_Discount_Percent,Pricing_Drivers,Channel Discount Percent,FALSE,store,FALSE,Channel discount rate,<none>,<none>,,,unspecified,none,,,,FALSE,TRUE,,,,<none>,revenue,average,missing,none,non-expense,Plan1,TRUE,~,store,<none>,0,,TRUE,~,store,<none>,0,,
Returns_Provision_Per_Unit,Pricing_Drivers,Returns Provision Per Unit,FALSE,store,FALSE,Expected returns provision per unit,<none>,<none>,,,unspecified,none,,,,FALSE,TRUE,,,,<none>,revenue,average,missing,none,non-expense,Plan1,TRUE,~,store,<none>,0,,TRUE,~,store,<none>,0,,
Credits_Provision_Per_Unit,Pricing_Drivers,Credits Provision Per Unit,FALSE,store,FALSE,Expected credits provision per unit,<none>,<none>,,,unspecified,none,,,,FALSE,TRUE,,,,<none>,revenue,average,missing,none,non-expense,Plan1,TRUE,~,store,<none>,0,,TRUE,~,store,<none>,0,,
Invoice_Price,Pricing_Drivers,Invoice Price,FALSE,store,FALSE,List price after approved percentage discounts,<none>,<none>,,,unspecified,none,,,,FALSE,TRUE,,,,<none>,revenue,average,missing,none,non-expense,Plan1,TRUE,~,store,<none>,0,,TRUE,~,store,<none>,0,,
Net_Price,Pricing_Drivers,Net Price,FALSE,store,FALSE,Calculated selling price after discounts and provisions,<none>,<none>,,,unspecified,none,,,,FALSE,TRUE,,,,<none>,revenue,average,missing,none,non-expense,Plan1,TRUE,~,store,<none>,0,,TRUE,~,store,<none>,0,,
Gross_Revenue,Pricing_Drivers,Gross Revenue,FALSE,store,FALSE,Consensus units multiplied by list price before deductions,<none>,<none>,,,unspecified,none,,,,FALSE,TRUE,,,,<none>,revenue,average,missing,none,non-expense,Plan1,TRUE,~,store,<none>,0,,TRUE,~,store,<none>,0,,
Inventory_Planning,Planning_Accounts,Inventory Planning,FALSE,never share,FALSE,Opening stock policy target projection and deployment,<none>,<none>,,,unspecified,none,,,,FALSE,TRUE,,,,<none>,revenue,average,missing,none,non-expense,Plan1,TRUE,~,never share,<none>,0,,TRUE,~,never share,<none>,0,,
Beginning_FG_Inventory,Inventory_Planning,Beginning Finished Goods Inventory,FALSE,store,FALSE,Beginning finished goods used by production bridge,<none>,<none>,,,unspecified,none,,,,FALSE,TRUE,,,,<none>,revenue,average,missing,none,non-expense,Plan1,TRUE,~,store,<none>,0,,TRUE,~,store,<none>,0,,
Book_FG_Inventory,Inventory_Planning,Book Finished Goods Inventory,FALSE,store,FALSE,Source book quantity before exclusions,<none>,<none>,,,unspecified,none,,,,FALSE,TRUE,,,,<none>,revenue,average,missing,none,non-expense,Plan1,TRUE,~,store,<none>,0,,TRUE,~,store,<none>,0,,
Quality_Hold_Inventory,Inventory_Planning,Quality Hold Inventory,FALSE,store,FALSE,Inventory unavailable for quality reasons,<none>,<none>,,,unspecified,none,,,,FALSE,TRUE,,,,<none>,revenue,average,missing,none,non-expense,Plan1,TRUE,~,store,<none>,0,,TRUE,~,store,<none>,0,,
Obsolete_Blocked_Inventory,Inventory_Planning,Obsolete or Blocked Inventory,FALSE,store,FALSE,Inventory excluded from available stock,<none>,<none>,,,unspecified,none,,,,FALSE,TRUE,,,,<none>,revenue,average,missing,none,non-expense,Plan1,TRUE,~,store,<none>,0,,TRUE,~,store,<none>,0,,
Available_Opening_Inventory,Inventory_Planning,Available Opening Inventory,FALSE,store,FALSE,Book quantity less approved exclusions,<none>,<none>,,,unspecified,none,,,,FALSE,TRUE,,,,<none>,revenue,average,missing,none,non-expense,Plan1,TRUE,~,store,<none>,0,,TRUE,~,store,<none>,0,,
Future_Demand,Inventory_Planning,Future Demand,FALSE,store,FALSE,Demand used by policy calculation,<none>,<none>,,,unspecified,none,,,,FALSE,TRUE,,,,<none>,revenue,average,missing,none,non-expense,Plan1,TRUE,~,store,<none>,0,,TRUE,~,store,<none>,0,,
Demand_Horizon_Days,Inventory_Planning,Demand Horizon Days,FALSE,store,FALSE,Days represented by future demand,<none>,<none>,,,unspecified,none,,,,FALSE,TRUE,,,,<none>,revenue,average,missing,none,non-expense,Plan1,TRUE,~,store,<none>,0,,TRUE,~,store,<none>,0,,
Target_Days_Cover,Inventory_Planning,Target Days Cover,FALSE,store,FALSE,Approved cycle stock policy,<none>,<none>,,,unspecified,none,,,,FALSE,TRUE,,,,<none>,revenue,average,missing,none,non-expense,Plan1,TRUE,~,store,<none>,0,,TRUE,~,store,<none>,0,,
Daily_Demand_StdDev,Inventory_Planning,Daily Demand Standard Deviation,FALSE,store,FALSE,Variability input for safety stock,<none>,<none>,,,unspecified,none,,,,FALSE,TRUE,,,,<none>,revenue,average,missing,none,non-expense,Plan1,TRUE,~,store,<none>,0,,TRUE,~,store,<none>,0,,
Replenishment_Lead_Days,Inventory_Planning,Replenishment Lead Days,FALSE,store,FALSE,Approved replenishment lead time,<none>,<none>,,,unspecified,none,,,,FALSE,TRUE,,,,<none>,revenue,average,missing,none,non-expense,Plan1,TRUE,~,store,<none>,0,,TRUE,~,store,<none>,0,,
Service_Factor,Inventory_Planning,Service Factor,FALSE,store,FALSE,Approved service-level factor,<none>,<none>,,,unspecified,none,,,,FALSE,TRUE,,,,<none>,revenue,average,missing,none,non-expense,Plan1,TRUE,~,store,<none>,0,,TRUE,~,store,<none>,0,,
Pack_Multiple,Inventory_Planning,Pack Multiple,FALSE,store,FALSE,Inventory target rounding multiple,<none>,<none>,,,unspecified,none,,,,FALSE,TRUE,,,,<none>,revenue,average,missing,none,non-expense,Plan1,TRUE,~,store,<none>,0,,TRUE,~,store,<none>,0,,
Cycle_Stock_Target,Inventory_Planning,Cycle Stock Target,FALSE,store,FALSE,Calculated cycle stock quantity,<none>,<none>,,,unspecified,none,,,,FALSE,TRUE,,,,<none>,revenue,average,missing,none,non-expense,Plan1,TRUE,~,store,<none>,0,,TRUE,~,store,<none>,0,,
Safety_Stock,Inventory_Planning,Safety Stock,FALSE,store,FALSE,Calculated safety stock quantity,<none>,<none>,,,unspecified,none,,,,FALSE,TRUE,,,,<none>,revenue,average,missing,none,non-expense,Plan1,TRUE,~,store,<none>,0,,TRUE,~,store,<none>,0,,
Provisional_Target_Ending_FG,Inventory_Planning,Provisional Target Ending FG,FALSE,store,FALSE,Pre-policy production target,<none>,<none>,,,unspecified,none,,,,FALSE,TRUE,,,,<none>,revenue,average,missing,none,non-expense,Plan1,TRUE,~,store,<none>,0,,TRUE,~,store,<none>,0,,
Target_Ending_Inventory,Inventory_Planning,Target Ending Inventory,FALSE,store,FALSE,Approved pack-rounded target,<none>,<none>,,,unspecified,none,,,,FALSE,TRUE,,,,<none>,revenue,average,missing,none,non-expense,Plan1,TRUE,~,store,<none>,0,,TRUE,~,store,<none>,0,,
Projected_Ending_FG,Inventory_Planning,Projected Ending FG,FALSE,store,FALSE,Opening plus output less demand,<none>,<none>,,,unspecified,none,,,,FALSE,TRUE,,,,<none>,revenue,average,missing,none,non-expense,Plan1,TRUE,~,store,<none>,0,,TRUE,~,store,<none>,0,,
Projected_Days_Cover,Inventory_Planning,Projected Days Cover,FALSE,store,FALSE,Projected ending inventory coverage,<none>,<none>,,,unspecified,none,,,,FALSE,TRUE,,,,<none>,revenue,average,missing,none,non-expense,Plan1,TRUE,~,store,<none>,0,,TRUE,~,store,<none>,0,,
Inventory_Transfer_Units,Inventory_Planning,Inventory Transfer Units,FALSE,store,FALSE,Controlled inter-plant deployment quantity,<none>,<none>,,,unspecified,none,,,,FALSE,TRUE,,,,<none>,revenue,average,missing,none,non-expense,Plan1,TRUE,~,store,<none>,0,,TRUE,~,store,<none>,0,,
Production_Capacity,Planning_Accounts,Production and Capacity,FALSE,never share,FALSE,Production requirement allocation and capacity model,<none>,<none>,,,unspecified,none,,,,FALSE,TRUE,,,,<none>,revenue,average,missing,none,non-expense,Plan1,TRUE,~,never share,<none>,0,,TRUE,~,never share,<none>,0,,
Net_Good_Unit_Requirement,Production_Capacity,Net Good Unit Requirement,FALSE,store,FALSE,Demand plus target less beginning inventory,<none>,<none>,,,unspecified,none,,,,FALSE,TRUE,,,,<none>,revenue,average,missing,none,non-expense,Plan1,TRUE,~,store,<none>,0,,TRUE,~,store,<none>,0,,
Yield_Percent,Production_Capacity,Yield Percent,FALSE,store,FALSE,Approved expected good-output rate,<none>,<none>,,,unspecified,none,,,,FALSE,TRUE,,,,<none>,revenue,average,missing,none,non-expense,Plan1,TRUE,~,store,<none>,0,,TRUE,~,store,<none>,0,,
Pre_Yield_Starts,Production_Capacity,Pre-Yield Starts,FALSE,store,FALSE,Required starts before lot rounding,<none>,<none>,,,unspecified,none,,,,FALSE,TRUE,,,,<none>,revenue,average,missing,none,non-expense,Plan1,TRUE,~,store,<none>,0,,TRUE,~,store,<none>,0,,
Lot_Size,Production_Capacity,Lot Size,FALSE,store,FALSE,Approved manufacturing lot multiple,<none>,<none>,,,unspecified,none,,,,FALSE,TRUE,,,,<none>,revenue,average,missing,none,non-expense,Plan1,TRUE,~,store,<none>,0,,TRUE,~,store,<none>,0,,
Planned_Production_Starts,Production_Capacity,Planned Production Starts,FALSE,store,FALSE,Pack-rounded production input,<none>,<none>,,,unspecified,none,,,,FALSE,TRUE,,,,<none>,revenue,average,missing,none,non-expense,Plan1,TRUE,~,store,<none>,0,,TRUE,~,store,<none>,0,,
Expected_Good_Output,Production_Capacity,Expected Good Output,FALSE,store,FALSE,Planned starts multiplied by yield,<none>,<none>,,,unspecified,none,,,,FALSE,TRUE,,,,<none>,revenue,average,missing,none,non-expense,Plan1,TRUE,~,store,<none>,0,,TRUE,~,store,<none>,0,,
Available_Productive_Hours,Production_Capacity,Available Productive Hours,FALSE,store,FALSE,Approved plant production hours,<none>,<none>,,,unspecified,none,,,,FALSE,TRUE,,,,<none>,revenue,average,missing,none,non-expense,Plan1,TRUE,~,store,<none>,0,,TRUE,~,store,<none>,0,,
Production_Rate,Production_Capacity,Production Rate,FALSE,store,FALSE,Starts per productive hour,<none>,<none>,,,unspecified,none,,,,FALSE,TRUE,,,,<none>,revenue,average,missing,none,non-expense,Plan1,TRUE,~,store,<none>,0,,TRUE,~,store,<none>,0,,
Gross_Capacity_Starts,Production_Capacity,Gross Capacity Starts,FALSE,store,FALSE,Hours multiplied by production rate,<none>,<none>,,,unspecified,none,,,,FALSE,TRUE,,,,<none>,revenue,average,missing,none,non-expense,Plan1,TRUE,~,store,<none>,0,,TRUE,~,store,<none>,0,,
Required_Production_Hours,Production_Capacity,Required Production Hours,FALSE,store,FALSE,Planned starts divided by rate,<none>,<none>,,,unspecified,none,,,,FALSE,TRUE,,,,<none>,revenue,average,missing,none,non-expense,Plan1,TRUE,~,store,<none>,0,,TRUE,~,store,<none>,0,,
Capacity_Utilization_Percent,Production_Capacity,Capacity Utilization Percent,FALSE,store,FALSE,Planned starts divided by gross capacity,<none>,<none>,,,unspecified,none,,,,FALSE,TRUE,,,,<none>,revenue,average,missing,none,non-expense,Plan1,TRUE,~,store,<none>,0,,TRUE,~,store,<none>,0,,
Manufacturing_Cost,Planning_Accounts,Manufacturing Cost,FALSE,never share,FALSE,Standard unit cost valuation and margin drivers,<none>,<none>,,,unspecified,none,,,,FALSE,TRUE,,,,<none>,revenue,average,missing,none,non-expense,Plan1,TRUE,~,never share,<none>,0,,TRUE,~,never share,<none>,0,,
Material_Unit_Cost,Manufacturing_Cost,Material Unit Cost,FALSE,store,FALSE,Approved direct material standard per good unit,<none>,<none>,,,unspecified,none,,,,FALSE,TRUE,,,,<none>,revenue,average,missing,none,non-expense,Plan1,TRUE,~,store,<none>,0,,TRUE,~,store,<none>,0,,
Direct_Labor_Hours_Per_Unit,Manufacturing_Cost,Direct Labor Hours Per Unit,FALSE,store,FALSE,Approved direct labor quantity,<none>,<none>,,,unspecified,none,,,,FALSE,TRUE,,,,<none>,revenue,average,missing,none,non-expense,Plan1,TRUE,~,store,<none>,0,,TRUE,~,store,<none>,0,,
Direct_Labor_Rate,Manufacturing_Cost,Direct Labor Rate,FALSE,store,FALSE,Approved currency rate per labor hour,<none>,<none>,,,unspecified,none,,,,FALSE,TRUE,,,,<none>,revenue,average,missing,none,non-expense,Plan1,TRUE,~,store,<none>,0,,TRUE,~,store,<none>,0,,
Direct_Labor_Unit_Cost,Manufacturing_Cost,Direct Labor Unit Cost,FALSE,store,FALSE,Calculated labor cost per good unit,<none>,<none>,,,unspecified,none,,,,FALSE,TRUE,,,,<none>,revenue,average,missing,none,non-expense,Plan1,TRUE,~,store,<none>,0,,TRUE,~,store,<none>,0,,
Machine_Hours_Per_Unit,Manufacturing_Cost,Machine Hours Per Unit,FALSE,store,FALSE,Approved variable overhead driver quantity,<none>,<none>,,,unspecified,none,,,,FALSE,TRUE,,,,<none>,revenue,average,missing,none,non-expense,Plan1,TRUE,~,store,<none>,0,,TRUE,~,store,<none>,0,,
Variable_Overhead_Rate,Manufacturing_Cost,Variable Overhead Rate,FALSE,store,FALSE,Approved rate per machine hour,<none>,<none>,,,unspecified,none,,,,FALSE,TRUE,,,,<none>,revenue,average,missing,none,non-expense,Plan1,TRUE,~,store,<none>,0,,TRUE,~,store,<none>,0,,
Variable_Overhead_Unit_Cost,Manufacturing_Cost,Variable Overhead Unit Cost,FALSE,store,FALSE,Calculated variable overhead per good unit,<none>,<none>,,,unspecified,none,,,,FALSE,TRUE,,,,<none>,revenue,average,missing,none,non-expense,Plan1,TRUE,~,store,<none>,0,,TRUE,~,store,<none>,0,,
Fixed_Overhead_Pool,Manufacturing_Cost,Fixed Overhead Pool,FALSE,store,FALSE,Approved fixed overhead amount,<none>,<none>,,,unspecified,none,,,,FALSE,TRUE,,,,<none>,revenue,average,missing,none,non-expense,Plan1,TRUE,~,store,<none>,0,,TRUE,~,store,<none>,0,,
Absorption_Units,Manufacturing_Cost,Absorption Units,FALSE,store,FALSE,Approved denominator for fixed overhead,<none>,<none>,,,unspecified,none,,,,FALSE,TRUE,,,,<none>,revenue,average,missing,none,non-expense,Plan1,TRUE,~,store,<none>,0,,TRUE,~,store,<none>,0,,
Fixed_Overhead_Unit_Cost,Manufacturing_Cost,Fixed Overhead Unit Cost,FALSE,store,FALSE,Calculated fixed overhead per good unit,<none>,<none>,,,unspecified,none,,,,FALSE,TRUE,,,,<none>,revenue,average,missing,none,non-expense,Plan1,TRUE,~,store,<none>,0,,TRUE,~,store,<none>,0,,
Manufacturing_Unit_Cost,Manufacturing_Cost,Manufacturing Unit Cost,FALSE,store,FALSE,Material labor variable and fixed overhead total,<none>,<none>,,,unspecified,none,,,,FALSE,TRUE,,,,<none>,revenue,average,missing,none,non-expense,Plan1,TRUE,~,store,<none>,0,,TRUE,~,store,<none>,0,,
Beginning_FG_Value,Manufacturing_Cost,Beginning Finished Goods Value,FALSE,store,FALSE,Opening inventory valuation,<none>,<none>,,,unspecified,none,,,,FALSE,TRUE,,,,<none>,revenue,average,missing,none,non-expense,Plan1,TRUE,~,store,<none>,0,,TRUE,~,store,<none>,0,,
Production_Value,Manufacturing_Cost,Production Value,FALSE,store,FALSE,Expected good output at approved unit cost,<none>,<none>,,,unspecified,none,,,,FALSE,TRUE,,,,<none>,revenue,average,missing,none,non-expense,Plan1,TRUE,~,store,<none>,0,,TRUE,~,store,<none>,0,,
Goods_Available_Value,Manufacturing_Cost,Goods Available Value,FALSE,store,FALSE,Beginning value plus production value,<none>,<none>,,,unspecified,none,,,,FALSE,TRUE,,,,<none>,revenue,average,missing,none,non-expense,Plan1,TRUE,~,store,<none>,0,,TRUE,~,store,<none>,0,,
Ending_Inventory_Value,Manufacturing_Cost,Ending Inventory Value,FALSE,store,FALSE,Closing finished goods valuation,<none>,<none>,,,unspecified,none,,,,FALSE,TRUE,,,,<none>,revenue,average,missing,none,non-expense,Plan1,TRUE,~,store,<none>,0,,TRUE,~,store,<none>,0,,
Workforce_Capex,Planning_Accounts,Workforce and CapEx,FALSE,never share,FALSE,Summarized workforce and asset dependency drivers,<none>,<none>,,,unspecified,none,,,,FALSE,TRUE,,,,<none>,revenue,average,missing,none,non-expense,Plan1,TRUE,~,never share,<none>,0,,TRUE,~,never share,<none>,0,,
Paid_Hours_Per_FTE,Workforce_Capex,Paid Hours Per FTE,FALSE,store,FALSE,Monthly paid hours per employee,<none>,<none>,,,unspecified,none,,,,FALSE,TRUE,,,,<none>,revenue,average,missing,none,non-expense,Plan1,TRUE,~,store,<none>,0,,TRUE,~,store,<none>,0,,
Productive_Availability_Percent,Workforce_Capex,Productive Availability Percent,FALSE,store,FALSE,Approved productive availability rate,<none>,<none>,,,unspecified,none,,,,FALSE,TRUE,,,,<none>,revenue,average,missing,none,non-expense,Plan1,TRUE,~,store,<none>,0,,TRUE,~,store,<none>,0,,
Productive_Hours_Per_FTE,Workforce_Capex,Productive Hours Per FTE,FALSE,store,FALSE,Calculated productive capacity per employee,<none>,<none>,,,unspecified,none,,,,FALSE,TRUE,,,,<none>,revenue,average,missing,none,non-expense,Plan1,TRUE,~,store,<none>,0,,TRUE,~,store,<none>,0,,
Current_FTE,Workforce_Capex,Current FTE,FALSE,store,FALSE,Available summarized headcount,<none>,<none>,,,unspecified,none,,,,FALSE,TRUE,,,,<none>,revenue,average,missing,none,non-expense,Plan1,TRUE,~,store,<none>,0,,TRUE,~,store,<none>,0,,
Exact_Required_FTE,Workforce_Capex,Exact Required FTE,FALSE,store,FALSE,Required hours divided by productive hours,<none>,<none>,,,unspecified,none,,,,FALSE,TRUE,,,,<none>,revenue,average,missing,none,non-expense,Plan1,TRUE,~,store,<none>,0,,TRUE,~,store,<none>,0,,
Roster_Required_FTE,Workforce_Capex,Roster Required FTE,FALSE,store,FALSE,Whole-person rounded requirement,<none>,<none>,,,unspecified,none,,,,FALSE,TRUE,,,,<none>,revenue,average,missing,none,non-expense,Plan1,TRUE,~,store,<none>,0,,TRUE,~,store,<none>,0,,
Workforce_Capacity_Hours,Workforce_Capex,Workforce Capacity Hours,FALSE,store,FALSE,Current FTE productive capacity,<none>,<none>,,,unspecified,none,,,,FALSE,TRUE,,,,<none>,revenue,average,missing,none,non-expense,Plan1,TRUE,~,store,<none>,0,,TRUE,~,store,<none>,0,,
Workforce_Hours_Gap,Workforce_Capex,Workforce Hours Gap,FALSE,store,FALSE,Required hours less workforce capacity,<none>,<none>,,,unspecified,none,,,,FALSE,TRUE,,,,<none>,revenue,average,missing,none,non-expense,Plan1,TRUE,~,store,<none>,0,,TRUE,~,store,<none>,0,,
Overtime_Limit_Hours,Workforce_Capex,Overtime Limit Hours,FALSE,store,FALSE,Approved overtime constraint,<none>,<none>,,,unspecified,none,,,,FALSE,TRUE,,,,<none>,revenue,average,missing,none,non-expense,Plan1,TRUE,~,store,<none>,0,,TRUE,~,store,<none>,0,,
Overtime_Hours,Workforce_Capex,Overtime Hours,FALSE,store,FALSE,Approved overtime action,<none>,<none>,,,unspecified,none,,,,FALSE,TRUE,,,,<none>,revenue,average,missing,none,non-expense,Plan1,TRUE,~,store,<none>,0,,TRUE,~,store,<none>,0,,
Overtime_Rate,Workforce_Capex,Overtime Rate,FALSE,store,FALSE,Approved currency rate per overtime hour,<none>,<none>,,,unspecified,none,,,,FALSE,TRUE,,,,<none>,revenue,average,missing,none,non-expense,Plan1,TRUE,~,store,<none>,0,,TRUE,~,store,<none>,0,,
Overtime_Cost,Workforce_Capex,Overtime Cost,FALSE,store,FALSE,Calculated overtime action cost,<none>,<none>,,,unspecified,none,,,,FALSE,TRUE,,,,<none>,revenue,average,missing,none,non-expense,Plan1,TRUE,~,store,<none>,0,,TRUE,~,store,<none>,0,,
Monthly_FTE_Cost,Workforce_Capex,Monthly FTE Cost,FALSE,store,FALSE,Approved monthly employee cost,<none>,<none>,,,unspecified,none,,,,FALSE,TRUE,,,,<none>,revenue,average,missing,none,non-expense,Plan1,TRUE,~,store,<none>,0,,TRUE,~,store,<none>,0,,
Hiring_Lead_Months,Workforce_Capex,Hiring Lead Months,FALSE,store,FALSE,Lead time for permanent hiring,<none>,<none>,,,unspecified,none,,,,FALSE,TRUE,,,,<none>,revenue,average,missing,none,non-expense,Plan1,TRUE,~,store,<none>,0,,TRUE,~,store,<none>,0,,
Existing_Capacity_Hours,Workforce_Capex,Existing Capacity Hours,FALSE,store,FALSE,Existing asset capacity,<none>,<none>,,,unspecified,none,,,,FALSE,TRUE,,,,<none>,revenue,average,missing,none,non-expense,Plan1,TRUE,~,store,<none>,0,,TRUE,~,store,<none>,0,,
Gross_Capacity_Gap_Hours,Workforce_Capex,Gross Capacity Gap Hours,FALSE,store,FALSE,Required machine hours less existing capacity,<none>,<none>,,,unspecified,none,,,,FALSE,TRUE,,,,<none>,revenue,average,missing,none,non-expense,Plan1,TRUE,~,store,<none>,0,,TRUE,~,store,<none>,0,,
Approved_Mitigation_Hours,Workforce_Capex,Approved Mitigation Hours,FALSE,store,FALSE,Approved overtime productivity and other operational recovery,<none>,<none>,,,unspecified,none,,,,FALSE,TRUE,,,,<none>,revenue,average,missing,none,non-expense,Plan1,TRUE,~,store,<none>,0,,TRUE,~,store,<none>,0,,
Productivity_Recovery_Hours,Workforce_Capex,Productivity Recovery Hours,FALSE,store,FALSE,Approved capacity improvement,<none>,<none>,,,unspecified,none,,,,FALSE,TRUE,,,,<none>,revenue,average,missing,none,non-expense,Plan1,TRUE,~,store,<none>,0,,TRUE,~,store,<none>,0,,
Residual_Capacity_Gap_Hours,Workforce_Capex,Residual Capacity Gap Hours,FALSE,store,FALSE,Capacity gap remaining after approved mitigations,<none>,<none>,,,unspecified,none,,,,FALSE,TRUE,,,,<none>,revenue,average,missing,none,non-expense,Plan1,TRUE,~,store,<none>,0,,TRUE,~,store,<none>,0,,
New_Asset_Capacity_Hours,Workforce_Capex,New Asset Capacity Hours,FALSE,store,FALSE,Incremental asset capacity,<none>,<none>,,,unspecified,none,,,,FALSE,TRUE,,,,<none>,revenue,average,missing,none,non-expense,Plan1,TRUE,~,store,<none>,0,,TRUE,~,store,<none>,0,,
Required_New_Assets,Workforce_Capex,Required New Assets,FALSE,store,FALSE,Rounded asset quantity needed to close the residual gap,<none>,<none>,,,unspecified,none,,,,FALSE,TRUE,,,,<none>,revenue,average,missing,none,non-expense,Plan1,TRUE,~,store,<none>,0,,TRUE,~,store,<none>,0,,
Post_Action_Capacity_Hours,Workforce_Capex,Post-Action Capacity Hours,FALSE,store,FALSE,Existing mitigation and timely new-asset capacity,<none>,<none>,,,unspecified,none,,,,FALSE,TRUE,,,,<none>,revenue,average,missing,none,non-expense,Plan1,TRUE,~,store,<none>,0,,TRUE,~,store,<none>,0,,
Post_Action_Headroom_Hours,Workforce_Capex,Post-Action Headroom Hours,FALSE,store,FALSE,Post-action capacity less required machine hours,<none>,<none>,,,unspecified,none,,,,FALSE,TRUE,,,,<none>,revenue,average,missing,none,non-expense,Plan1,TRUE,~,store,<none>,0,,TRUE,~,store,<none>,0,,
Asset_Cost,Workforce_Capex,Asset Cost,FALSE,store,FALSE,Approved investment cost,<none>,<none>,,,unspecified,none,,,,FALSE,TRUE,,,,<none>,revenue,average,missing,none,non-expense,Plan1,TRUE,~,store,<none>,0,,TRUE,~,store,<none>,0,,
Useful_Life_Months,Workforce_Capex,Useful Life Months,FALSE,store,FALSE,Approved depreciation life,<none>,<none>,,,unspecified,none,,,,FALSE,TRUE,,,,<none>,revenue,average,missing,none,non-expense,Plan1,TRUE,~,store,<none>,0,,TRUE,~,store,<none>,0,,
Residual_Value,Workforce_Capex,Residual Value,FALSE,store,FALSE,Approved asset residual value,<none>,<none>,,,unspecified,none,,,,FALSE,TRUE,,,,<none>,revenue,average,missing,none,non-expense,Plan1,TRUE,~,store,<none>,0,,TRUE,~,store,<none>,0,,
Asset_Lead_Time_Months,Workforce_Capex,Asset Lead Time Months,FALSE,store,FALSE,Lead time before in-service,<none>,<none>,,,unspecified,none,,,,FALSE,TRUE,,,,<none>,revenue,average,missing,none,non-expense,Plan1,TRUE,~,store,<none>,0,,TRUE,~,store,<none>,0,,
Capital_Investment,Workforce_Capex,Capital Investment,FALSE,store,FALSE,Approved investment amount,<none>,<none>,,,unspecified,none,,,,FALSE,TRUE,,,,<none>,revenue,average,missing,none,non-expense,Plan1,TRUE,~,store,<none>,0,,TRUE,~,store,<none>,0,,
Capital_Cash_Payment,Workforce_Capex,Capital Cash Payment,FALSE,store,FALSE,Contractual investment cash outflow,<none>,<none>,,,unspecified,none,,,,FALSE,TRUE,,,,<none>,revenue,average,missing,none,non-expense,Plan1,TRUE,~,store,<none>,0,,TRUE,~,store,<none>,0,,
Capital_Additions,Workforce_Capex,Capital Additions,FALSE,store,FALSE,PPE capitalization movement,<none>,<none>,,,unspecified,none,,,,FALSE,TRUE,,,,<none>,revenue,average,missing,none,non-expense,Plan1,TRUE,~,store,<none>,0,,TRUE,~,store,<none>,0,,
Financial_Statements,Planning_Accounts,Financial Statements,FALSE,never share,FALSE,Management planning statements and controls,<none>,<none>,,,unspecified,none,,,,FALSE,TRUE,,,,<none>,revenue,average,missing,none,non-expense,Plan1,TRUE,~,never share,<none>,0,,TRUE,~,never share,<none>,0,,
Income_Statement,Financial_Statements,Income Statement,FALSE,never share,FALSE,Management profit and loss hierarchy,<none>,<none>,,,unspecified,none,,,,FALSE,TRUE,,,,<none>,revenue,average,missing,none,non-expense,Plan1,TRUE,~,never share,<none>,0,,TRUE,~,never share,<none>,0,,
Net_Revenue,Income_Statement,Net Revenue,FALSE,store,FALSE,Consensus units multiplied by net price,<none>,<none>,,,unspecified,none,,,,FALSE,TRUE,,,,<none>,revenue,average,missing,none,non-expense,Plan1,TRUE,~,store,<none>,0,,TRUE,~,store,<none>,0,,
Cost_of_Goods_Sold,Income_Statement,Cost of Goods Sold,FALSE,store,FALSE,Goods available value less ending inventory value,<none>,<none>,,,unspecified,none,,,,FALSE,TRUE,,,,<none>,revenue,average,missing,none,non-expense,Plan1,TRUE,~,store,<none>,0,,TRUE,~,store,<none>,0,,
Gross_Margin,Income_Statement,Gross Margin,FALSE,store,FALSE,Net revenue less cost of goods sold,<none>,<none>,,,unspecified,none,,,,FALSE,TRUE,,,,<none>,revenue,average,missing,none,non-expense,Plan1,TRUE,~,store,<none>,0,,TRUE,~,store,<none>,0,,
Gross_Margin_Percent,Income_Statement,Gross Margin Percent,FALSE,store,FALSE,Gross margin divided by net revenue,<none>,<none>,,,unspecified,none,,,,FALSE,TRUE,,,,<none>,revenue,average,missing,none,non-expense,Plan1,TRUE,~,store,<none>,0,,TRUE,~,store,<none>,0,,
Other_Operating_Expense,Income_Statement,Other Operating Expense,FALSE,store,FALSE,Approved summarized operating expense,<none>,<none>,,,unspecified,none,,,,FALSE,TRUE,,,,<none>,revenue,average,missing,none,non-expense,Plan1,TRUE,~,store,<none>,0,,TRUE,~,store,<none>,0,,
Depreciation_Expense,Income_Statement,Depreciation Expense,FALSE,store,FALSE,Periodic depreciation expense,<none>,<none>,,,unspecified,none,,,,FALSE,TRUE,,,,<none>,revenue,average,missing,none,non-expense,Plan1,TRUE,~,store,<none>,0,,TRUE,~,store,<none>,0,,
Operating_Profit,Income_Statement,Operating Profit,FALSE,store,FALSE,Gross margin less operating expenses and depreciation,<none>,<none>,,,unspecified,none,,,,FALSE,TRUE,,,,<none>,revenue,average,missing,none,non-expense,Plan1,TRUE,~,store,<none>,0,,TRUE,~,store,<none>,0,,
Interest_Expense,Income_Statement,Interest Expense,FALSE,store,FALSE,Approved financing expense,<none>,<none>,,,unspecified,none,,,,FALSE,TRUE,,,,<none>,revenue,average,missing,none,non-expense,Plan1,TRUE,~,store,<none>,0,,TRUE,~,store,<none>,0,,
Profit_Before_Tax,Income_Statement,Profit Before Tax,FALSE,store,FALSE,Operating profit less interest,<none>,<none>,,,unspecified,none,,,,FALSE,TRUE,,,,<none>,revenue,average,missing,none,non-expense,Plan1,TRUE,~,store,<none>,0,,TRUE,~,store,<none>,0,,
Tax_Expense,Income_Statement,Tax Expense,FALSE,store,FALSE,Approved management tax assumption,<none>,<none>,,,unspecified,none,,,,FALSE,TRUE,,,,<none>,revenue,average,missing,none,non-expense,Plan1,TRUE,~,store,<none>,0,,TRUE,~,store,<none>,0,,
Net_Income,Income_Statement,Net Income,FALSE,store,FALSE,Profit after tax,<none>,<none>,,,unspecified,none,,,,FALSE,TRUE,,,,<none>,revenue,average,missing,none,non-expense,Plan1,TRUE,~,store,<none>,0,,TRUE,~,store,<none>,0,,
Balance_Sheet,Financial_Statements,Balance Sheet,FALSE,never share,FALSE,Management balance-sheet hierarchy,<none>,<none>,,,unspecified,none,,,,FALSE,TRUE,,,,<none>,revenue,average,missing,none,non-expense,Plan1,TRUE,~,never share,<none>,0,,TRUE,~,never share,<none>,0,,
Cash,Balance_Sheet,Cash,FALSE,store,FALSE,Closing cash balance,<none>,<none>,,,unspecified,none,,,,FALSE,TRUE,,,,<none>,revenue,average,missing,none,non-expense,Plan1,TRUE,~,store,<none>,0,,TRUE,~,store,<none>,0,,
Trade_Receivables,Balance_Sheet,Trade Receivables,FALSE,store,FALSE,Closing customer receivables,<none>,<none>,,,unspecified,none,,,,FALSE,TRUE,,,,<none>,revenue,average,missing,none,non-expense,Plan1,TRUE,~,store,<none>,0,,TRUE,~,store,<none>,0,,
Finished_Goods_Inventory_Value,Balance_Sheet,Finished Goods Inventory,FALSE,store,FALSE,Closing inventory asset,<none>,<none>,,,unspecified,none,,,,FALSE,TRUE,,,,<none>,revenue,average,missing,none,non-expense,Plan1,TRUE,~,store,<none>,0,,TRUE,~,store,<none>,0,,
Gross_PPE,Balance_Sheet,Gross PPE,FALSE,store,FALSE,Opening PPE plus capital additions,<none>,<none>,,,unspecified,none,,,,FALSE,TRUE,,,,<none>,revenue,average,missing,none,non-expense,Plan1,TRUE,~,store,<none>,0,,TRUE,~,store,<none>,0,,
Accumulated_Depreciation,Balance_Sheet,Accumulated Depreciation,FALSE,store,FALSE,Closing accumulated depreciation,<none>,<none>,,,unspecified,none,,,,FALSE,TRUE,,,,<none>,revenue,average,missing,none,non-expense,Plan1,TRUE,~,store,<none>,0,,TRUE,~,store,<none>,0,,
Net_PPE,Balance_Sheet,Net PPE,FALSE,store,FALSE,Gross PPE less accumulated depreciation,<none>,<none>,,,unspecified,none,,,,FALSE,TRUE,,,,<none>,revenue,average,missing,none,non-expense,Plan1,TRUE,~,store,<none>,0,,TRUE,~,store,<none>,0,,
Total_Assets,Balance_Sheet,Total Assets,FALSE,store,FALSE,Sum of management-planning assets,<none>,<none>,,,unspecified,none,,,,FALSE,TRUE,,,,<none>,revenue,average,missing,none,non-expense,Plan1,TRUE,~,store,<none>,0,,TRUE,~,store,<none>,0,,
Trade_Payables,Balance_Sheet,Trade Payables,FALSE,store,FALSE,Closing supplier payables,<none>,<none>,,,unspecified,none,,,,FALSE,TRUE,,,,<none>,revenue,average,missing,none,non-expense,Plan1,TRUE,~,store,<none>,0,,TRUE,~,store,<none>,0,,
Debt,Balance_Sheet,Debt,FALSE,store,FALSE,Closing debt balance,<none>,<none>,,,unspecified,none,,,,FALSE,TRUE,,,,<none>,revenue,average,missing,none,non-expense,Plan1,TRUE,~,store,<none>,0,,TRUE,~,store,<none>,0,,
Other_Liabilities,Balance_Sheet,Other Liabilities,FALSE,store,FALSE,Closing other liabilities,<none>,<none>,,,unspecified,none,,,,FALSE,TRUE,,,,<none>,revenue,average,missing,none,non-expense,Plan1,TRUE,~,store,<none>,0,,TRUE,~,store,<none>,0,,
Total_Liabilities,Balance_Sheet,Total Liabilities,FALSE,store,FALSE,Sum of liabilities,<none>,<none>,,,unspecified,none,,,,FALSE,TRUE,,,,<none>,revenue,average,missing,none,non-expense,Plan1,TRUE,~,store,<none>,0,,TRUE,~,store,<none>,0,,
Equity,Balance_Sheet,Equity,FALSE,store,FALSE,Contributed equity balance,<none>,<none>,,,unspecified,none,,,,FALSE,TRUE,,,,<none>,revenue,average,missing,none,non-expense,Plan1,TRUE,~,store,<none>,0,,TRUE,~,store,<none>,0,,
Retained_Earnings,Balance_Sheet,Retained Earnings,FALSE,store,FALSE,Opening retained earnings plus net income less dividends,<none>,<none>,,,unspecified,none,,,,FALSE,TRUE,,,,<none>,revenue,average,missing,none,non-expense,Plan1,TRUE,~,store,<none>,0,,TRUE,~,store,<none>,0,,
Total_Equity,Balance_Sheet,Total Equity,FALSE,store,FALSE,Sum of equity accounts,<none>,<none>,,,unspecified,none,,,,FALSE,TRUE,,,,<none>,revenue,average,missing,none,non-expense,Plan1,TRUE,~,store,<none>,0,,TRUE,~,store,<none>,0,,
Total_Liabilities_And_Equity,Balance_Sheet,Total Liabilities and Equity,FALSE,store,FALSE,Balance-sheet funding total,<none>,<none>,,,unspecified,none,,,,FALSE,TRUE,,,,<none>,revenue,average,missing,none,non-expense,Plan1,TRUE,~,store,<none>,0,,TRUE,~,store,<none>,0,,
Balance_Check,Balance_Sheet,Balance Check,FALSE,store,FALSE,Total assets less liabilities and equity,<none>,<none>,,,unspecified,none,,,,FALSE,TRUE,,,,<none>,revenue,average,missing,none,non-expense,Plan1,TRUE,~,store,<none>,0,,TRUE,~,store,<none>,0,,
Cash_Flow,Financial_Statements,Cash Flow,FALSE,never share,FALSE,Indirect management cash-flow hierarchy,<none>,<none>,,,unspecified,none,,,,FALSE,TRUE,,,,<none>,revenue,average,missing,none,non-expense,Plan1,TRUE,~,never share,<none>,0,,TRUE,~,never share,<none>,0,,
Opening_Cash,Cash_Flow,Opening Cash,FALSE,store,FALSE,Beginning cash balance,<none>,<none>,,,unspecified,none,,,,FALSE,TRUE,,,,<none>,revenue,average,missing,none,non-expense,Plan1,TRUE,~,store,<none>,0,,TRUE,~,store,<none>,0,,
Depreciation_Addback,Cash_Flow,Depreciation Addback,FALSE,store,FALSE,Noncash depreciation adjustment,<none>,<none>,,,unspecified,none,,,,FALSE,TRUE,,,,<none>,revenue,average,missing,none,non-expense,Plan1,TRUE,~,store,<none>,0,,TRUE,~,store,<none>,0,,
Change_In_Receivables,Cash_Flow,Change in Receivables,FALSE,store,FALSE,Working-capital cash adjustment,<none>,<none>,,,unspecified,none,,,,FALSE,TRUE,,,,<none>,revenue,average,missing,none,non-expense,Plan1,TRUE,~,store,<none>,0,,TRUE,~,store,<none>,0,,
Change_In_Inventory,Cash_Flow,Change in Inventory,FALSE,store,FALSE,Working-capital cash adjustment,<none>,<none>,,,unspecified,none,,,,FALSE,TRUE,,,,<none>,revenue,average,missing,none,non-expense,Plan1,TRUE,~,store,<none>,0,,TRUE,~,store,<none>,0,,
Change_In_Payables,Cash_Flow,Change in Payables,FALSE,store,FALSE,Working-capital cash adjustment,<none>,<none>,,,unspecified,none,,,,FALSE,TRUE,,,,<none>,revenue,average,missing,none,non-expense,Plan1,TRUE,~,store,<none>,0,,TRUE,~,store,<none>,0,,
Operating_Cash_Flow,Cash_Flow,Operating Cash Flow,FALSE,store,FALSE,Net cash from operations,<none>,<none>,,,unspecified,none,,,,FALSE,TRUE,,,,<none>,revenue,average,missing,none,non-expense,Plan1,TRUE,~,store,<none>,0,,TRUE,~,store,<none>,0,,
Purchase_Of_PPE,Cash_Flow,Purchase of PPE,FALSE,store,FALSE,Investing cash outflow,<none>,<none>,,,unspecified,none,,,,FALSE,TRUE,,,,<none>,revenue,average,missing,none,non-expense,Plan1,TRUE,~,store,<none>,0,,TRUE,~,store,<none>,0,,
Investing_Cash_Flow,Cash_Flow,Investing Cash Flow,FALSE,store,FALSE,Net investing cash movement,<none>,<none>,,,unspecified,none,,,,FALSE,TRUE,,,,<none>,revenue,average,missing,none,non-expense,Plan1,TRUE,~,store,<none>,0,,TRUE,~,store,<none>,0,,
New_Debt_Financing,Cash_Flow,New Debt Financing,FALSE,store,FALSE,Financing cash inflow,<none>,<none>,,,unspecified,none,,,,FALSE,TRUE,,,,<none>,revenue,average,missing,none,non-expense,Plan1,TRUE,~,store,<none>,0,,TRUE,~,store,<none>,0,,
Dividends,Cash_Flow,Dividends,FALSE,store,FALSE,Financing cash outflow,<none>,<none>,,,unspecified,none,,,,FALSE,TRUE,,,,<none>,revenue,average,missing,none,non-expense,Plan1,TRUE,~,store,<none>,0,,TRUE,~,store,<none>,0,,
Financing_Cash_Flow,Cash_Flow,Financing Cash Flow,FALSE,store,FALSE,Net financing cash movement,<none>,<none>,,,unspecified,none,,,,FALSE,TRUE,,,,<none>,revenue,average,missing,none,non-expense,Plan1,TRUE,~,store,<none>,0,,TRUE,~,store,<none>,0,,
Net_Change_In_Cash,Cash_Flow,Net Change in Cash,FALSE,store,FALSE,Operating plus investing plus financing cash flow,<none>,<none>,,,unspecified,none,,,,FALSE,TRUE,,,,<none>,revenue,average,missing,none,non-expense,Plan1,TRUE,~,store,<none>,0,,TRUE,~,store,<none>,0,,
Closing_Cash,Cash_Flow,Closing Cash,FALSE,store,FALSE,Opening cash plus net cash movement,<none>,<none>,,,unspecified,none,,,,FALSE,TRUE,,,,<none>,revenue,average,missing,none,non-expense,Plan1,TRUE,~,store,<none>,0,,TRUE,~,store,<none>,0,,
