Step ID,Wave,Activity,Accountable Owner,Predecessor,Authorized Scope,Planned Start,Actual Start,Actual Finish,Latest Finish,Status,Checkpoint Evidence,Condition / Incident ID,Acceptance Owner,Decision,Communication Reference,Evidence Link,Comments
GL-01,Wave 0,Confirm signed decision release conditions recovery and activation scope,Go-Live Manager,None,"Authorized ApexPlan release only",YYYY-MM-DD HH:MM,,,,Not Started,"Decision record; release ID; conditions; rollback state",,Executive Business Owner,,,,
GL-02,Wave 0,Verify production identity monitoring evidence repository and support command center,Service Administrator,GL-01,"Support and operations",YYYY-MM-DD HH:MM,,,,Not Started,"Environment; application; monitoring; contacts; repository",,Go-Live Manager,,,,
GL-03,Wave 1,Open pilot-user access and execute positive and negative security tests,Security Lead,GL-02,"Named pilot planners and approvers",YYYY-MM-DD HH:MM,,,,Not Started,"Role results; protected access; exceptions; reviewer",,Business Process Owner,,,,
GL-04,Wave 1,Enable first integration and prove source process totals rejects and alerts,Data Integration Lead,GL-03,"Approved source and one scheduled or manual execution",YYYY-MM-DD HH:MM,,,,Not Started,"File; checksum; process ID; counts; totals; alert",,Finance Data Owner,,,,
GL-05,Wave 1,Execute first controlled form calculation workflow and approval cycle,Planning Lead,GL-04,"Approved pilot POV and business journey",YYYY-MM-DD HH:MM,,,,Not Started,"Form; POV; inputs; job; repeatability; workflow",,Business Process Owner,,,,
GL-06,Wave 1,Publish and reconcile Plan1 ApexPlan ASO dashboards and Smart View,Reporting Lead,GL-05,"Approved first-cycle reporting POV",YYYY-MM-DD HH:MM,,,,Not Started,"Publish job; full-precision controls; filters; refresh",,Finance Controller,,,,
GL-07,Wave 1,Review incidents conditions performance support demand and recovery threshold,Go-Live Manager,GL-06,"Pilot checkpoint",YYYY-MM-DD HH:MM,,,,Not Started,"Incident trend; condition results; SLA; monitoring; recovery",,Decision Authority,,,,
GL-08,Wave 2,Authorize approved users and remaining automation wave,Executive Business Owner,GL-07,"Named user groups integrations and schedules",YYYY-MM-DD HH:MM,,,,Not Started,"Checkpoint decision; enabled inventory; communication",,Program Sponsor,,,,
GL-09,Closure,Freeze production validation pack and transfer control to Hypercare,Go-Live Manager,GL-08,"Known production state and open ownership",YYYY-MM-DD HH:MM,,,,Not Started,"Validation pack; open register; monitoring; handoff acceptance",,Hypercare Lead,,,,
