Step ID,Sequence,Activity,Accountable Owner,Contributors,Predecessor,Planned Start,Planned Finish,Latest Finish,Planned Minutes,Actual Start,Actual Finish,Actual Minutes,Status,Required Evidence,Acceptance Owner,Evidence Link,Issue ID,Decision,Comments
RUN-01,1,Open command center and verify entry gate,Cutover Manager,Release and business leads,None,YYYY-MM-DD HH:MM,YYYY-MM-DD HH:MM,YYYY-MM-DD HH:MM,20,,,,Not Started,"Attendance; release ID; entry checklist; decision log",Program Sponsor,,,,
RUN-02,2,Enforce business and configuration freeze,Business Owner / Release Manager,Business and technical teams,RUN-01,YYYY-MM-DD HH:MM,YYYY-MM-DD HH:MM,YYYY-MM-DD HH:MM,15,,,,Not Started,"Freeze confirmation; exception log",Cutover Manager,,,,
RUN-03,3,Create production recovery snapshot,Service Administrator,Cloud operations,RUN-02,YYYY-MM-DD HH:MM,YYYY-MM-DD HH:MM,YYYY-MM-DD HH:MM,30,,,,Not Started,"Snapshot name; timestamp; scope; completion status",EPM Technical Lead,,,,
RUN-04,4,Import approved application artifacts,EPM Technical Lead,Service Administrator,RUN-03,YYYY-MM-DD HH:MM,YYYY-MM-DD HH:MM,YYYY-MM-DD HH:MM,60,,,,Not Started,"Package version; migration job ID; warnings; errors; artifact counts",Release Manager,,,,
RUN-05,5,"Validate metadata, rules, forms, security, and substitutions",Functional / Security Leads,EPM technical and test leads,RUN-04,YYYY-MM-DD HH:MM,YYYY-MM-DD HH:MM,YYYY-MM-DD HH:MM,35,,,,Not Started,"Component checklist; environment values; exception disposition",Release Manager,,,,
RUN-06,6,"Load final metadata, actuals, drivers, and opening state",Data Integration Lead,Source owners and functional leads,RUN-05,YYYY-MM-DD HH:MM,YYYY-MM-DD HH:MM,YYYY-MM-DD HH:MM,90,,,,Not Started,"Source files; checksums; process IDs; accepted and rejected totals",Finance Data Owner,,,,
RUN-07,7,"Run calculations, aggregations, and Plan1-to-ASO publish",Planning Lead,Rule and reporting owners,RUN-06,YYYY-MM-DD HH:MM,YYYY-MM-DD HH:MM,YYYY-MM-DD HH:MM,70,,,,Not Started,"Rule and job status; POV; elapsed time; repeatability",Functional Lead,,,,
RUN-08,8,Reconcile data and execute smoke tests,Finance / Test / Security Leads,Representative business users,RUN-07,YYYY-MM-DD HH:MM,YYYY-MM-DD HH:MM,YYYY-MM-DD HH:MM,55,,,,Not Started,"Control totals; variances; access; workflow; form; dashboard; Smart View results",Business Owner,,,,
RUN-09,9,Prepare Go/No-Go evidence pack,Cutover Manager,All workstream leads,RUN-08,YYYY-MM-DD HH:MM,YYYY-MM-DD HH:MM,YYYY-MM-DD HH:MM,30,,,,Not Started,"Completed runbook; deviations; open issues; risks; rollback state; recommendation",Program Sponsor,,,,
