Account_Group,Measure_Behavior,Input_Currency,Reporting_Currency,Time_Balance,Translation_Rate,Primary_Use,Control
Demand_Drivers,Units percentages ratios and days,No Currency,No Currency,Flow or approved driver behavior,None,Sales demand baseline and consensus calculations,Do not translate nonmonetary measures
Pricing_Drivers,Price discount and promotion amounts,INR,USD,Flow,Average,Local pricing input and company reporting,Reconcile local and translated net revenue
Inventory_Planning,Unit balances and inventory policy drivers,No Currency,No Currency,Ending for balances; Flow for movements,None,Opening target receipt and ending inventory,Quarter and year balance must equal the final period
Production_Capacity,Units hours and utilization percentages,No Currency,No Currency,Flow or approved driver behavior,None,Production allocation capacity and utilization,Do not translate quantities hours or percentages
Manufacturing_Cost,Material conversion overhead and inventory value,INR,USD,Flow for costs; Ending for inventory value,Average for periodic costs; Ending for closing values,Standard cost COGS and inventory valuation,Use the account-specific rate and preserve quantity-to-value traceability
Workforce_Capex,Headcount FTE hours compensation and capital amounts,Mixed: No Currency for operational drivers; INR for monetary amounts,Mixed: No Currency for operational drivers; USD for monetary amounts,Ending for balances; Flow for expense and cash movement,Average for periodic amounts; Ending for closing balances,Workforce capacity cost CapEx depreciation and project controls,Classify each leaf as monetary or nonmonetary before build
Income_Statement,Periodic monetary flows,INR,USD,Flow,Average,Management P&L,Translate periodic activity with the approved monthly average rate
Balance_Sheet,Point-in-time monetary balances,INR,USD,Ending,Ending,Integrated balance sheet,Translate closing balances with the approved period-end rate
Cash_Flow,Periodic cash movements with closing cash balance,INR,USD,Flow for movements; Ending for closing cash,Average for movements; Ending for closing cash,Indirect cash flow and cash tie-out,Opening plus movement must equal closing in both currencies
