ACCOUNT,ENTITY,PRODUCT,MARKET,CHANNEL,PERIOD,YEAR,SCENARIO,VERSION,AMOUNT
Historical_Sales_Units,India_Operations,MIXER_GRINDER,NORTH,DISTRIBUTOR,Jan,FY25,Actual,Final,155
Historical_Sales_Units,India_Operations,MIXER_GRINDER,NORTH,RETAIL,Jan,FY25,Actual,Final,145
Historical_Sales_Units,India_Operations,MIXER_GRINDER,NORTH,ONLINE,Jan,FY25,Actual,Final,135
Historical_Sales_Units,India_Operations,MIXER_GRINDER,CENTRAL,DISTRIBUTOR,Jan,FY25,Actual,Final,145
Historical_Sales_Units,India_Operations,MIXER_GRINDER,CENTRAL,RETAIL,Jan,FY25,Actual,Final,135
Historical_Sales_Units,India_Operations,MIXER_GRINDER,CENTRAL,ONLINE,Jan,FY25,Actual,Final,125
Historical_Sales_Units,India_Operations,MIXER_GRINDER,WEST,DISTRIBUTOR,Jan,FY25,Actual,Final,150
Historical_Sales_Units,India_Operations,MIXER_GRINDER,WEST,RETAIL,Jan,FY25,Actual,Final,140
Historical_Sales_Units,India_Operations,MIXER_GRINDER,WEST,ONLINE,Jan,FY25,Actual,Final,130
Historical_Sales_Units,India_Operations,MIXER_GRINDER,SOUTH,DISTRIBUTOR,Jan,FY25,Actual,Final,140
Historical_Sales_Units,India_Operations,MIXER_GRINDER,SOUTH,RETAIL,Jan,FY25,Actual,Final,130
Historical_Sales_Units,India_Operations,MIXER_GRINDER,SOUTH,ONLINE,Jan,FY25,Actual,Final,120
Historical_Sales_Units,India_Operations,ELECTRIC_KETTLE,NORTH,DISTRIBUTOR,Jan,FY25,Actual,Final,125
Historical_Sales_Units,India_Operations,ELECTRIC_KETTLE,NORTH,RETAIL,Jan,FY25,Actual,Final,115
Historical_Sales_Units,India_Operations,ELECTRIC_KETTLE,NORTH,ONLINE,Jan,FY25,Actual,Final,105
Historical_Sales_Units,India_Operations,ELECTRIC_KETTLE,CENTRAL,DISTRIBUTOR,Jan,FY25,Actual,Final,115
Historical_Sales_Units,India_Operations,ELECTRIC_KETTLE,CENTRAL,RETAIL,Jan,FY25,Actual,Final,105
Historical_Sales_Units,India_Operations,ELECTRIC_KETTLE,CENTRAL,ONLINE,Jan,FY25,Actual,Final,95
Historical_Sales_Units,India_Operations,ELECTRIC_KETTLE,WEST,DISTRIBUTOR,Jan,FY25,Actual,Final,120
Historical_Sales_Units,India_Operations,ELECTRIC_KETTLE,WEST,RETAIL,Jan,FY25,Actual,Final,110
Historical_Sales_Units,India_Operations,ELECTRIC_KETTLE,WEST,ONLINE,Jan,FY25,Actual,Final,100
Historical_Sales_Units,India_Operations,ELECTRIC_KETTLE,SOUTH,DISTRIBUTOR,Jan,FY25,Actual,Final,110
Historical_Sales_Units,India_Operations,ELECTRIC_KETTLE,SOUTH,RETAIL,Jan,FY25,Actual,Final,100
Historical_Sales_Units,India_Operations,ELECTRIC_KETTLE,SOUTH,ONLINE,Jan,FY25,Actual,Final,90
Historical_Sales_Units,India_Operations,AIR_FRYER,NORTH,DISTRIBUTOR,Jan,FY25,Actual,Final,105
Historical_Sales_Units,India_Operations,AIR_FRYER,NORTH,RETAIL,Jan,FY25,Actual,Final,95
Historical_Sales_Units,India_Operations,AIR_FRYER,NORTH,ONLINE,Jan,FY25,Actual,Final,85
Historical_Sales_Units,India_Operations,AIR_FRYER,CENTRAL,DISTRIBUTOR,Jan,FY25,Actual,Final,95
Historical_Sales_Units,India_Operations,AIR_FRYER,CENTRAL,RETAIL,Jan,FY25,Actual,Final,85
Historical_Sales_Units,India_Operations,AIR_FRYER,CENTRAL,ONLINE,Jan,FY25,Actual,Final,75
Historical_Sales_Units,India_Operations,AIR_FRYER,WEST,DISTRIBUTOR,Jan,FY25,Actual,Final,100
Historical_Sales_Units,India_Operations,AIR_FRYER,WEST,RETAIL,Jan,FY25,Actual,Final,90
Historical_Sales_Units,India_Operations,AIR_FRYER,WEST,ONLINE,Jan,FY25,Actual,Final,80
Historical_Sales_Units,India_Operations,AIR_FRYER,SOUTH,DISTRIBUTOR,Jan,FY25,Actual,Final,90
Historical_Sales_Units,India_Operations,AIR_FRYER,SOUTH,RETAIL,Jan,FY25,Actual,Final,80
Historical_Sales_Units,India_Operations,AIR_FRYER,SOUTH,ONLINE,Jan,FY25,Actual,Final,70
Historical_Sales_Units,India_Operations,INDUCTION_COOKTOP,NORTH,DISTRIBUTOR,Jan,FY25,Actual,Final,95
Historical_Sales_Units,India_Operations,INDUCTION_COOKTOP,NORTH,RETAIL,Jan,FY25,Actual,Final,85
Historical_Sales_Units,India_Operations,INDUCTION_COOKTOP,NORTH,ONLINE,Jan,FY25,Actual,Final,75
Historical_Sales_Units,India_Operations,INDUCTION_COOKTOP,CENTRAL,DISTRIBUTOR,Jan,FY25,Actual,Final,85
Historical_Sales_Units,India_Operations,INDUCTION_COOKTOP,CENTRAL,RETAIL,Jan,FY25,Actual,Final,75
Historical_Sales_Units,India_Operations,INDUCTION_COOKTOP,CENTRAL,ONLINE,Jan,FY25,Actual,Final,65
Historical_Sales_Units,India_Operations,INDUCTION_COOKTOP,WEST,DISTRIBUTOR,Jan,FY25,Actual,Final,90
Historical_Sales_Units,India_Operations,INDUCTION_COOKTOP,WEST,RETAIL,Jan,FY25,Actual,Final,80
Historical_Sales_Units,India_Operations,INDUCTION_COOKTOP,WEST,ONLINE,Jan,FY25,Actual,Final,70
Historical_Sales_Units,India_Operations,INDUCTION_COOKTOP,SOUTH,DISTRIBUTOR,Jan,FY25,Actual,Final,80
Historical_Sales_Units,India_Operations,INDUCTION_COOKTOP,SOUTH,RETAIL,Jan,FY25,Actual,Final,70
Historical_Sales_Units,India_Operations,INDUCTION_COOKTOP,SOUTH,ONLINE,Jan,FY25,Actual,Final,60
Historical_Sales_Units,India_Operations,MIXER_GRINDER,NORTH,DISTRIBUTOR,Feb,FY25,Actual,Final,160
Historical_Sales_Units,India_Operations,MIXER_GRINDER,NORTH,RETAIL,Feb,FY25,Actual,Final,150
Historical_Sales_Units,India_Operations,MIXER_GRINDER,NORTH,ONLINE,Feb,FY25,Actual,Final,140
Historical_Sales_Units,India_Operations,MIXER_GRINDER,CENTRAL,DISTRIBUTOR,Feb,FY25,Actual,Final,150
Historical_Sales_Units,India_Operations,MIXER_GRINDER,CENTRAL,RETAIL,Feb,FY25,Actual,Final,140
Historical_Sales_Units,India_Operations,MIXER_GRINDER,CENTRAL,ONLINE,Feb,FY25,Actual,Final,130
Historical_Sales_Units,India_Operations,MIXER_GRINDER,WEST,DISTRIBUTOR,Feb,FY25,Actual,Final,155
Historical_Sales_Units,India_Operations,MIXER_GRINDER,WEST,RETAIL,Feb,FY25,Actual,Final,145
Historical_Sales_Units,India_Operations,MIXER_GRINDER,WEST,ONLINE,Feb,FY25,Actual,Final,135
Historical_Sales_Units,India_Operations,MIXER_GRINDER,SOUTH,DISTRIBUTOR,Feb,FY25,Actual,Final,145
Historical_Sales_Units,India_Operations,MIXER_GRINDER,SOUTH,RETAIL,Feb,FY25,Actual,Final,135
Historical_Sales_Units,India_Operations,MIXER_GRINDER,SOUTH,ONLINE,Feb,FY25,Actual,Final,125
Historical_Sales_Units,India_Operations,ELECTRIC_KETTLE,NORTH,DISTRIBUTOR,Feb,FY25,Actual,Final,130
Historical_Sales_Units,India_Operations,ELECTRIC_KETTLE,NORTH,RETAIL,Feb,FY25,Actual,Final,120
Historical_Sales_Units,India_Operations,ELECTRIC_KETTLE,NORTH,ONLINE,Feb,FY25,Actual,Final,110
Historical_Sales_Units,India_Operations,ELECTRIC_KETTLE,CENTRAL,DISTRIBUTOR,Feb,FY25,Actual,Final,120
Historical_Sales_Units,India_Operations,ELECTRIC_KETTLE,CENTRAL,RETAIL,Feb,FY25,Actual,Final,110
Historical_Sales_Units,India_Operations,ELECTRIC_KETTLE,CENTRAL,ONLINE,Feb,FY25,Actual,Final,100
Historical_Sales_Units,India_Operations,ELECTRIC_KETTLE,WEST,DISTRIBUTOR,Feb,FY25,Actual,Final,125
Historical_Sales_Units,India_Operations,ELECTRIC_KETTLE,WEST,RETAIL,Feb,FY25,Actual,Final,115
Historical_Sales_Units,India_Operations,ELECTRIC_KETTLE,WEST,ONLINE,Feb,FY25,Actual,Final,105
Historical_Sales_Units,India_Operations,ELECTRIC_KETTLE,SOUTH,DISTRIBUTOR,Feb,FY25,Actual,Final,115
Historical_Sales_Units,India_Operations,ELECTRIC_KETTLE,SOUTH,RETAIL,Feb,FY25,Actual,Final,105
Historical_Sales_Units,India_Operations,ELECTRIC_KETTLE,SOUTH,ONLINE,Feb,FY25,Actual,Final,95
Historical_Sales_Units,India_Operations,AIR_FRYER,NORTH,DISTRIBUTOR,Feb,FY25,Actual,Final,110
Historical_Sales_Units,India_Operations,AIR_FRYER,NORTH,RETAIL,Feb,FY25,Actual,Final,100
Historical_Sales_Units,India_Operations,AIR_FRYER,NORTH,ONLINE,Feb,FY25,Actual,Final,90
Historical_Sales_Units,India_Operations,AIR_FRYER,CENTRAL,DISTRIBUTOR,Feb,FY25,Actual,Final,100
Historical_Sales_Units,India_Operations,AIR_FRYER,CENTRAL,RETAIL,Feb,FY25,Actual,Final,90
Historical_Sales_Units,India_Operations,AIR_FRYER,CENTRAL,ONLINE,Feb,FY25,Actual,Final,80
Historical_Sales_Units,India_Operations,AIR_FRYER,WEST,DISTRIBUTOR,Feb,FY25,Actual,Final,105
Historical_Sales_Units,India_Operations,AIR_FRYER,WEST,RETAIL,Feb,FY25,Actual,Final,95
Historical_Sales_Units,India_Operations,AIR_FRYER,WEST,ONLINE,Feb,FY25,Actual,Final,85
Historical_Sales_Units,India_Operations,AIR_FRYER,SOUTH,DISTRIBUTOR,Feb,FY25,Actual,Final,95
Historical_Sales_Units,India_Operations,AIR_FRYER,SOUTH,RETAIL,Feb,FY25,Actual,Final,85
Historical_Sales_Units,India_Operations,AIR_FRYER,SOUTH,ONLINE,Feb,FY25,Actual,Final,75
Historical_Sales_Units,India_Operations,INDUCTION_COOKTOP,NORTH,DISTRIBUTOR,Feb,FY25,Actual,Final,100
Historical_Sales_Units,India_Operations,INDUCTION_COOKTOP,NORTH,RETAIL,Feb,FY25,Actual,Final,90
Historical_Sales_Units,India_Operations,INDUCTION_COOKTOP,NORTH,ONLINE,Feb,FY25,Actual,Final,80
Historical_Sales_Units,India_Operations,INDUCTION_COOKTOP,CENTRAL,DISTRIBUTOR,Feb,FY25,Actual,Final,90
Historical_Sales_Units,India_Operations,INDUCTION_COOKTOP,CENTRAL,RETAIL,Feb,FY25,Actual,Final,80
Historical_Sales_Units,India_Operations,INDUCTION_COOKTOP,CENTRAL,ONLINE,Feb,FY25,Actual,Final,70
Historical_Sales_Units,India_Operations,INDUCTION_COOKTOP,WEST,DISTRIBUTOR,Feb,FY25,Actual,Final,95
Historical_Sales_Units,India_Operations,INDUCTION_COOKTOP,WEST,RETAIL,Feb,FY25,Actual,Final,85
Historical_Sales_Units,India_Operations,INDUCTION_COOKTOP,WEST,ONLINE,Feb,FY25,Actual,Final,75
Historical_Sales_Units,India_Operations,INDUCTION_COOKTOP,SOUTH,DISTRIBUTOR,Feb,FY25,Actual,Final,85
Historical_Sales_Units,India_Operations,INDUCTION_COOKTOP,SOUTH,RETAIL,Feb,FY25,Actual,Final,75
Historical_Sales_Units,India_Operations,INDUCTION_COOKTOP,SOUTH,ONLINE,Feb,FY25,Actual,Final,65
Historical_Sales_Units,India_Operations,MIXER_GRINDER,NORTH,DISTRIBUTOR,Mar,FY25,Actual,Final,165
Historical_Sales_Units,India_Operations,MIXER_GRINDER,NORTH,RETAIL,Mar,FY25,Actual,Final,155
Historical_Sales_Units,India_Operations,MIXER_GRINDER,NORTH,ONLINE,Mar,FY25,Actual,Final,145
Historical_Sales_Units,India_Operations,MIXER_GRINDER,CENTRAL,DISTRIBUTOR,Mar,FY25,Actual,Final,155
Historical_Sales_Units,India_Operations,MIXER_GRINDER,CENTRAL,RETAIL,Mar,FY25,Actual,Final,145
Historical_Sales_Units,India_Operations,MIXER_GRINDER,CENTRAL,ONLINE,Mar,FY25,Actual,Final,135
Historical_Sales_Units,India_Operations,MIXER_GRINDER,WEST,DISTRIBUTOR,Mar,FY25,Actual,Final,160
Historical_Sales_Units,India_Operations,MIXER_GRINDER,WEST,RETAIL,Mar,FY25,Actual,Final,150
Historical_Sales_Units,India_Operations,MIXER_GRINDER,WEST,ONLINE,Mar,FY25,Actual,Final,140
Historical_Sales_Units,India_Operations,MIXER_GRINDER,SOUTH,DISTRIBUTOR,Mar,FY25,Actual,Final,150
Historical_Sales_Units,India_Operations,MIXER_GRINDER,SOUTH,RETAIL,Mar,FY25,Actual,Final,140
Historical_Sales_Units,India_Operations,MIXER_GRINDER,SOUTH,ONLINE,Mar,FY25,Actual,Final,130
Historical_Sales_Units,India_Operations,ELECTRIC_KETTLE,NORTH,DISTRIBUTOR,Mar,FY25,Actual,Final,135
Historical_Sales_Units,India_Operations,ELECTRIC_KETTLE,NORTH,RETAIL,Mar,FY25,Actual,Final,125
Historical_Sales_Units,India_Operations,ELECTRIC_KETTLE,NORTH,ONLINE,Mar,FY25,Actual,Final,115
Historical_Sales_Units,India_Operations,ELECTRIC_KETTLE,CENTRAL,DISTRIBUTOR,Mar,FY25,Actual,Final,125
Historical_Sales_Units,India_Operations,ELECTRIC_KETTLE,CENTRAL,RETAIL,Mar,FY25,Actual,Final,115
Historical_Sales_Units,India_Operations,ELECTRIC_KETTLE,CENTRAL,ONLINE,Mar,FY25,Actual,Final,105
Historical_Sales_Units,India_Operations,ELECTRIC_KETTLE,WEST,DISTRIBUTOR,Mar,FY25,Actual,Final,130
Historical_Sales_Units,India_Operations,ELECTRIC_KETTLE,WEST,RETAIL,Mar,FY25,Actual,Final,120
Historical_Sales_Units,India_Operations,ELECTRIC_KETTLE,WEST,ONLINE,Mar,FY25,Actual,Final,110
Historical_Sales_Units,India_Operations,ELECTRIC_KETTLE,SOUTH,DISTRIBUTOR,Mar,FY25,Actual,Final,120
Historical_Sales_Units,India_Operations,ELECTRIC_KETTLE,SOUTH,RETAIL,Mar,FY25,Actual,Final,110
Historical_Sales_Units,India_Operations,ELECTRIC_KETTLE,SOUTH,ONLINE,Mar,FY25,Actual,Final,100
Historical_Sales_Units,India_Operations,AIR_FRYER,NORTH,DISTRIBUTOR,Mar,FY25,Actual,Final,115
Historical_Sales_Units,India_Operations,AIR_FRYER,NORTH,RETAIL,Mar,FY25,Actual,Final,105
Historical_Sales_Units,India_Operations,AIR_FRYER,NORTH,ONLINE,Mar,FY25,Actual,Final,95
Historical_Sales_Units,India_Operations,AIR_FRYER,CENTRAL,DISTRIBUTOR,Mar,FY25,Actual,Final,105
Historical_Sales_Units,India_Operations,AIR_FRYER,CENTRAL,RETAIL,Mar,FY25,Actual,Final,95
Historical_Sales_Units,India_Operations,AIR_FRYER,CENTRAL,ONLINE,Mar,FY25,Actual,Final,85
Historical_Sales_Units,India_Operations,AIR_FRYER,WEST,DISTRIBUTOR,Mar,FY25,Actual,Final,110
Historical_Sales_Units,India_Operations,AIR_FRYER,WEST,RETAIL,Mar,FY25,Actual,Final,100
Historical_Sales_Units,India_Operations,AIR_FRYER,WEST,ONLINE,Mar,FY25,Actual,Final,90
Historical_Sales_Units,India_Operations,AIR_FRYER,SOUTH,DISTRIBUTOR,Mar,FY25,Actual,Final,100
Historical_Sales_Units,India_Operations,AIR_FRYER,SOUTH,RETAIL,Mar,FY25,Actual,Final,90
Historical_Sales_Units,India_Operations,AIR_FRYER,SOUTH,ONLINE,Mar,FY25,Actual,Final,80
Historical_Sales_Units,India_Operations,INDUCTION_COOKTOP,NORTH,DISTRIBUTOR,Mar,FY25,Actual,Final,105
Historical_Sales_Units,India_Operations,INDUCTION_COOKTOP,NORTH,RETAIL,Mar,FY25,Actual,Final,95
Historical_Sales_Units,India_Operations,INDUCTION_COOKTOP,NORTH,ONLINE,Mar,FY25,Actual,Final,85
Historical_Sales_Units,India_Operations,INDUCTION_COOKTOP,CENTRAL,DISTRIBUTOR,Mar,FY25,Actual,Final,95
Historical_Sales_Units,India_Operations,INDUCTION_COOKTOP,CENTRAL,RETAIL,Mar,FY25,Actual,Final,85
Historical_Sales_Units,India_Operations,INDUCTION_COOKTOP,CENTRAL,ONLINE,Mar,FY25,Actual,Final,75
Historical_Sales_Units,India_Operations,INDUCTION_COOKTOP,WEST,DISTRIBUTOR,Mar,FY25,Actual,Final,100
Historical_Sales_Units,India_Operations,INDUCTION_COOKTOP,WEST,RETAIL,Mar,FY25,Actual,Final,90
Historical_Sales_Units,India_Operations,INDUCTION_COOKTOP,WEST,ONLINE,Mar,FY25,Actual,Final,80
Historical_Sales_Units,India_Operations,INDUCTION_COOKTOP,SOUTH,DISTRIBUTOR,Mar,FY25,Actual,Final,90
Historical_Sales_Units,India_Operations,INDUCTION_COOKTOP,SOUTH,RETAIL,Mar,FY25,Actual,Final,80
Historical_Sales_Units,India_Operations,INDUCTION_COOKTOP,SOUTH,ONLINE,Mar,FY25,Actual,Final,70
Historical_Sales_Units,India_Operations,MIXER_GRINDER,NORTH,DISTRIBUTOR,Apr,FY25,Actual,Final,170
Historical_Sales_Units,India_Operations,MIXER_GRINDER,NORTH,RETAIL,Apr,FY25,Actual,Final,160
Historical_Sales_Units,India_Operations,MIXER_GRINDER,NORTH,ONLINE,Apr,FY25,Actual,Final,150
Historical_Sales_Units,India_Operations,MIXER_GRINDER,CENTRAL,DISTRIBUTOR,Apr,FY25,Actual,Final,160
Historical_Sales_Units,India_Operations,MIXER_GRINDER,CENTRAL,RETAIL,Apr,FY25,Actual,Final,150
Historical_Sales_Units,India_Operations,MIXER_GRINDER,CENTRAL,ONLINE,Apr,FY25,Actual,Final,140
Historical_Sales_Units,India_Operations,MIXER_GRINDER,WEST,DISTRIBUTOR,Apr,FY25,Actual,Final,165
Historical_Sales_Units,India_Operations,MIXER_GRINDER,WEST,RETAIL,Apr,FY25,Actual,Final,155
Historical_Sales_Units,India_Operations,MIXER_GRINDER,WEST,ONLINE,Apr,FY25,Actual,Final,145
Historical_Sales_Units,India_Operations,MIXER_GRINDER,SOUTH,DISTRIBUTOR,Apr,FY25,Actual,Final,155
Historical_Sales_Units,India_Operations,MIXER_GRINDER,SOUTH,RETAIL,Apr,FY25,Actual,Final,145
Historical_Sales_Units,India_Operations,MIXER_GRINDER,SOUTH,ONLINE,Apr,FY25,Actual,Final,135
Historical_Sales_Units,India_Operations,ELECTRIC_KETTLE,NORTH,DISTRIBUTOR,Apr,FY25,Actual,Final,140
Historical_Sales_Units,India_Operations,ELECTRIC_KETTLE,NORTH,RETAIL,Apr,FY25,Actual,Final,130
Historical_Sales_Units,India_Operations,ELECTRIC_KETTLE,NORTH,ONLINE,Apr,FY25,Actual,Final,120
Historical_Sales_Units,India_Operations,ELECTRIC_KETTLE,CENTRAL,DISTRIBUTOR,Apr,FY25,Actual,Final,130
Historical_Sales_Units,India_Operations,ELECTRIC_KETTLE,CENTRAL,RETAIL,Apr,FY25,Actual,Final,120
Historical_Sales_Units,India_Operations,ELECTRIC_KETTLE,CENTRAL,ONLINE,Apr,FY25,Actual,Final,110
Historical_Sales_Units,India_Operations,ELECTRIC_KETTLE,WEST,DISTRIBUTOR,Apr,FY25,Actual,Final,135
Historical_Sales_Units,India_Operations,ELECTRIC_KETTLE,WEST,RETAIL,Apr,FY25,Actual,Final,125
Historical_Sales_Units,India_Operations,ELECTRIC_KETTLE,WEST,ONLINE,Apr,FY25,Actual,Final,115
Historical_Sales_Units,India_Operations,ELECTRIC_KETTLE,SOUTH,DISTRIBUTOR,Apr,FY25,Actual,Final,125
Historical_Sales_Units,India_Operations,ELECTRIC_KETTLE,SOUTH,RETAIL,Apr,FY25,Actual,Final,115
Historical_Sales_Units,India_Operations,ELECTRIC_KETTLE,SOUTH,ONLINE,Apr,FY25,Actual,Final,105
Historical_Sales_Units,India_Operations,AIR_FRYER,NORTH,DISTRIBUTOR,Apr,FY25,Actual,Final,120
Historical_Sales_Units,India_Operations,AIR_FRYER,NORTH,RETAIL,Apr,FY25,Actual,Final,110
Historical_Sales_Units,India_Operations,AIR_FRYER,NORTH,ONLINE,Apr,FY25,Actual,Final,100
Historical_Sales_Units,India_Operations,AIR_FRYER,CENTRAL,DISTRIBUTOR,Apr,FY25,Actual,Final,110
Historical_Sales_Units,India_Operations,AIR_FRYER,CENTRAL,RETAIL,Apr,FY25,Actual,Final,100
Historical_Sales_Units,India_Operations,AIR_FRYER,CENTRAL,ONLINE,Apr,FY25,Actual,Final,90
Historical_Sales_Units,India_Operations,AIR_FRYER,WEST,DISTRIBUTOR,Apr,FY25,Actual,Final,115
Historical_Sales_Units,India_Operations,AIR_FRYER,WEST,RETAIL,Apr,FY25,Actual,Final,105
Historical_Sales_Units,India_Operations,AIR_FRYER,WEST,ONLINE,Apr,FY25,Actual,Final,95
Historical_Sales_Units,India_Operations,AIR_FRYER,SOUTH,DISTRIBUTOR,Apr,FY25,Actual,Final,105
Historical_Sales_Units,India_Operations,AIR_FRYER,SOUTH,RETAIL,Apr,FY25,Actual,Final,95
Historical_Sales_Units,India_Operations,AIR_FRYER,SOUTH,ONLINE,Apr,FY25,Actual,Final,85
Historical_Sales_Units,India_Operations,INDUCTION_COOKTOP,NORTH,DISTRIBUTOR,Apr,FY25,Actual,Final,110
Historical_Sales_Units,India_Operations,INDUCTION_COOKTOP,NORTH,RETAIL,Apr,FY25,Actual,Final,100
Historical_Sales_Units,India_Operations,INDUCTION_COOKTOP,NORTH,ONLINE,Apr,FY25,Actual,Final,90
Historical_Sales_Units,India_Operations,INDUCTION_COOKTOP,CENTRAL,DISTRIBUTOR,Apr,FY25,Actual,Final,100
Historical_Sales_Units,India_Operations,INDUCTION_COOKTOP,CENTRAL,RETAIL,Apr,FY25,Actual,Final,90
Historical_Sales_Units,India_Operations,INDUCTION_COOKTOP,CENTRAL,ONLINE,Apr,FY25,Actual,Final,80
Historical_Sales_Units,India_Operations,INDUCTION_COOKTOP,WEST,DISTRIBUTOR,Apr,FY25,Actual,Final,105
Historical_Sales_Units,India_Operations,INDUCTION_COOKTOP,WEST,RETAIL,Apr,FY25,Actual,Final,95
Historical_Sales_Units,India_Operations,INDUCTION_COOKTOP,WEST,ONLINE,Apr,FY25,Actual,Final,85
Historical_Sales_Units,India_Operations,INDUCTION_COOKTOP,SOUTH,DISTRIBUTOR,Apr,FY25,Actual,Final,95
Historical_Sales_Units,India_Operations,INDUCTION_COOKTOP,SOUTH,RETAIL,Apr,FY25,Actual,Final,85
Historical_Sales_Units,India_Operations,INDUCTION_COOKTOP,SOUTH,ONLINE,Apr,FY25,Actual,Final,75
Historical_Sales_Units,India_Operations,MIXER_GRINDER,NORTH,DISTRIBUTOR,May,FY25,Actual,Final,175
Historical_Sales_Units,India_Operations,MIXER_GRINDER,NORTH,RETAIL,May,FY25,Actual,Final,165
Historical_Sales_Units,India_Operations,MIXER_GRINDER,NORTH,ONLINE,May,FY25,Actual,Final,155
Historical_Sales_Units,India_Operations,MIXER_GRINDER,CENTRAL,DISTRIBUTOR,May,FY25,Actual,Final,165
Historical_Sales_Units,India_Operations,MIXER_GRINDER,CENTRAL,RETAIL,May,FY25,Actual,Final,155
Historical_Sales_Units,India_Operations,MIXER_GRINDER,CENTRAL,ONLINE,May,FY25,Actual,Final,145
Historical_Sales_Units,India_Operations,MIXER_GRINDER,WEST,DISTRIBUTOR,May,FY25,Actual,Final,170
Historical_Sales_Units,India_Operations,MIXER_GRINDER,WEST,RETAIL,May,FY25,Actual,Final,160
Historical_Sales_Units,India_Operations,MIXER_GRINDER,WEST,ONLINE,May,FY25,Actual,Final,150
Historical_Sales_Units,India_Operations,MIXER_GRINDER,SOUTH,DISTRIBUTOR,May,FY25,Actual,Final,160
Historical_Sales_Units,India_Operations,MIXER_GRINDER,SOUTH,RETAIL,May,FY25,Actual,Final,150
Historical_Sales_Units,India_Operations,MIXER_GRINDER,SOUTH,ONLINE,May,FY25,Actual,Final,140
Historical_Sales_Units,India_Operations,ELECTRIC_KETTLE,NORTH,DISTRIBUTOR,May,FY25,Actual,Final,145
Historical_Sales_Units,India_Operations,ELECTRIC_KETTLE,NORTH,RETAIL,May,FY25,Actual,Final,135
Historical_Sales_Units,India_Operations,ELECTRIC_KETTLE,NORTH,ONLINE,May,FY25,Actual,Final,125
Historical_Sales_Units,India_Operations,ELECTRIC_KETTLE,CENTRAL,DISTRIBUTOR,May,FY25,Actual,Final,135
Historical_Sales_Units,India_Operations,ELECTRIC_KETTLE,CENTRAL,RETAIL,May,FY25,Actual,Final,125
Historical_Sales_Units,India_Operations,ELECTRIC_KETTLE,CENTRAL,ONLINE,May,FY25,Actual,Final,115
Historical_Sales_Units,India_Operations,ELECTRIC_KETTLE,WEST,DISTRIBUTOR,May,FY25,Actual,Final,140
Historical_Sales_Units,India_Operations,ELECTRIC_KETTLE,WEST,RETAIL,May,FY25,Actual,Final,130
Historical_Sales_Units,India_Operations,ELECTRIC_KETTLE,WEST,ONLINE,May,FY25,Actual,Final,120
Historical_Sales_Units,India_Operations,ELECTRIC_KETTLE,SOUTH,DISTRIBUTOR,May,FY25,Actual,Final,130
Historical_Sales_Units,India_Operations,ELECTRIC_KETTLE,SOUTH,RETAIL,May,FY25,Actual,Final,120
Historical_Sales_Units,India_Operations,ELECTRIC_KETTLE,SOUTH,ONLINE,May,FY25,Actual,Final,110
Historical_Sales_Units,India_Operations,AIR_FRYER,NORTH,DISTRIBUTOR,May,FY25,Actual,Final,125
Historical_Sales_Units,India_Operations,AIR_FRYER,NORTH,RETAIL,May,FY25,Actual,Final,115
Historical_Sales_Units,India_Operations,AIR_FRYER,NORTH,ONLINE,May,FY25,Actual,Final,105
Historical_Sales_Units,India_Operations,AIR_FRYER,CENTRAL,DISTRIBUTOR,May,FY25,Actual,Final,115
Historical_Sales_Units,India_Operations,AIR_FRYER,CENTRAL,RETAIL,May,FY25,Actual,Final,105
Historical_Sales_Units,India_Operations,AIR_FRYER,CENTRAL,ONLINE,May,FY25,Actual,Final,95
Historical_Sales_Units,India_Operations,AIR_FRYER,WEST,DISTRIBUTOR,May,FY25,Actual,Final,120
Historical_Sales_Units,India_Operations,AIR_FRYER,WEST,RETAIL,May,FY25,Actual,Final,110
Historical_Sales_Units,India_Operations,AIR_FRYER,WEST,ONLINE,May,FY25,Actual,Final,100
Historical_Sales_Units,India_Operations,AIR_FRYER,SOUTH,DISTRIBUTOR,May,FY25,Actual,Final,110
Historical_Sales_Units,India_Operations,AIR_FRYER,SOUTH,RETAIL,May,FY25,Actual,Final,100
Historical_Sales_Units,India_Operations,AIR_FRYER,SOUTH,ONLINE,May,FY25,Actual,Final,90
Historical_Sales_Units,India_Operations,INDUCTION_COOKTOP,NORTH,DISTRIBUTOR,May,FY25,Actual,Final,115
Historical_Sales_Units,India_Operations,INDUCTION_COOKTOP,NORTH,RETAIL,May,FY25,Actual,Final,105
Historical_Sales_Units,India_Operations,INDUCTION_COOKTOP,NORTH,ONLINE,May,FY25,Actual,Final,95
Historical_Sales_Units,India_Operations,INDUCTION_COOKTOP,CENTRAL,DISTRIBUTOR,May,FY25,Actual,Final,105
Historical_Sales_Units,India_Operations,INDUCTION_COOKTOP,CENTRAL,RETAIL,May,FY25,Actual,Final,95
Historical_Sales_Units,India_Operations,INDUCTION_COOKTOP,CENTRAL,ONLINE,May,FY25,Actual,Final,85
Historical_Sales_Units,India_Operations,INDUCTION_COOKTOP,WEST,DISTRIBUTOR,May,FY25,Actual,Final,110
Historical_Sales_Units,India_Operations,INDUCTION_COOKTOP,WEST,RETAIL,May,FY25,Actual,Final,100
Historical_Sales_Units,India_Operations,INDUCTION_COOKTOP,WEST,ONLINE,May,FY25,Actual,Final,90
Historical_Sales_Units,India_Operations,INDUCTION_COOKTOP,SOUTH,DISTRIBUTOR,May,FY25,Actual,Final,100
Historical_Sales_Units,India_Operations,INDUCTION_COOKTOP,SOUTH,RETAIL,May,FY25,Actual,Final,90
Historical_Sales_Units,India_Operations,INDUCTION_COOKTOP,SOUTH,ONLINE,May,FY25,Actual,Final,80
Historical_Sales_Units,India_Operations,MIXER_GRINDER,NORTH,DISTRIBUTOR,Jun,FY25,Actual,Final,170
Historical_Sales_Units,India_Operations,MIXER_GRINDER,NORTH,RETAIL,Jun,FY25,Actual,Final,160
Historical_Sales_Units,India_Operations,MIXER_GRINDER,NORTH,ONLINE,Jun,FY25,Actual,Final,150
Historical_Sales_Units,India_Operations,MIXER_GRINDER,CENTRAL,DISTRIBUTOR,Jun,FY25,Actual,Final,160
Historical_Sales_Units,India_Operations,MIXER_GRINDER,CENTRAL,RETAIL,Jun,FY25,Actual,Final,150
Historical_Sales_Units,India_Operations,MIXER_GRINDER,CENTRAL,ONLINE,Jun,FY25,Actual,Final,140
Historical_Sales_Units,India_Operations,MIXER_GRINDER,WEST,DISTRIBUTOR,Jun,FY25,Actual,Final,165
Historical_Sales_Units,India_Operations,MIXER_GRINDER,WEST,RETAIL,Jun,FY25,Actual,Final,155
Historical_Sales_Units,India_Operations,MIXER_GRINDER,WEST,ONLINE,Jun,FY25,Actual,Final,145
Historical_Sales_Units,India_Operations,MIXER_GRINDER,SOUTH,DISTRIBUTOR,Jun,FY25,Actual,Final,155
Historical_Sales_Units,India_Operations,MIXER_GRINDER,SOUTH,RETAIL,Jun,FY25,Actual,Final,145
Historical_Sales_Units,India_Operations,MIXER_GRINDER,SOUTH,ONLINE,Jun,FY25,Actual,Final,135
Historical_Sales_Units,India_Operations,ELECTRIC_KETTLE,NORTH,DISTRIBUTOR,Jun,FY25,Actual,Final,140
Historical_Sales_Units,India_Operations,ELECTRIC_KETTLE,NORTH,RETAIL,Jun,FY25,Actual,Final,130
Historical_Sales_Units,India_Operations,ELECTRIC_KETTLE,NORTH,ONLINE,Jun,FY25,Actual,Final,120
Historical_Sales_Units,India_Operations,ELECTRIC_KETTLE,CENTRAL,DISTRIBUTOR,Jun,FY25,Actual,Final,130
Historical_Sales_Units,India_Operations,ELECTRIC_KETTLE,CENTRAL,RETAIL,Jun,FY25,Actual,Final,120
Historical_Sales_Units,India_Operations,ELECTRIC_KETTLE,CENTRAL,ONLINE,Jun,FY25,Actual,Final,110
Historical_Sales_Units,India_Operations,ELECTRIC_KETTLE,WEST,DISTRIBUTOR,Jun,FY25,Actual,Final,135
Historical_Sales_Units,India_Operations,ELECTRIC_KETTLE,WEST,RETAIL,Jun,FY25,Actual,Final,125
Historical_Sales_Units,India_Operations,ELECTRIC_KETTLE,WEST,ONLINE,Jun,FY25,Actual,Final,115
Historical_Sales_Units,India_Operations,ELECTRIC_KETTLE,SOUTH,DISTRIBUTOR,Jun,FY25,Actual,Final,125
Historical_Sales_Units,India_Operations,ELECTRIC_KETTLE,SOUTH,RETAIL,Jun,FY25,Actual,Final,115
Historical_Sales_Units,India_Operations,ELECTRIC_KETTLE,SOUTH,ONLINE,Jun,FY25,Actual,Final,105
Historical_Sales_Units,India_Operations,AIR_FRYER,NORTH,DISTRIBUTOR,Jun,FY25,Actual,Final,120
Historical_Sales_Units,India_Operations,AIR_FRYER,NORTH,RETAIL,Jun,FY25,Actual,Final,110
Historical_Sales_Units,India_Operations,AIR_FRYER,NORTH,ONLINE,Jun,FY25,Actual,Final,100
Historical_Sales_Units,India_Operations,AIR_FRYER,CENTRAL,DISTRIBUTOR,Jun,FY25,Actual,Final,110
Historical_Sales_Units,India_Operations,AIR_FRYER,CENTRAL,RETAIL,Jun,FY25,Actual,Final,100
Historical_Sales_Units,India_Operations,AIR_FRYER,CENTRAL,ONLINE,Jun,FY25,Actual,Final,90
Historical_Sales_Units,India_Operations,AIR_FRYER,WEST,DISTRIBUTOR,Jun,FY25,Actual,Final,115
Historical_Sales_Units,India_Operations,AIR_FRYER,WEST,RETAIL,Jun,FY25,Actual,Final,105
Historical_Sales_Units,India_Operations,AIR_FRYER,WEST,ONLINE,Jun,FY25,Actual,Final,95
Historical_Sales_Units,India_Operations,AIR_FRYER,SOUTH,DISTRIBUTOR,Jun,FY25,Actual,Final,105
Historical_Sales_Units,India_Operations,AIR_FRYER,SOUTH,RETAIL,Jun,FY25,Actual,Final,95
Historical_Sales_Units,India_Operations,AIR_FRYER,SOUTH,ONLINE,Jun,FY25,Actual,Final,85
Historical_Sales_Units,India_Operations,INDUCTION_COOKTOP,NORTH,DISTRIBUTOR,Jun,FY25,Actual,Final,110
Historical_Sales_Units,India_Operations,INDUCTION_COOKTOP,NORTH,RETAIL,Jun,FY25,Actual,Final,100
Historical_Sales_Units,India_Operations,INDUCTION_COOKTOP,NORTH,ONLINE,Jun,FY25,Actual,Final,90
Historical_Sales_Units,India_Operations,INDUCTION_COOKTOP,CENTRAL,DISTRIBUTOR,Jun,FY25,Actual,Final,100
Historical_Sales_Units,India_Operations,INDUCTION_COOKTOP,CENTRAL,RETAIL,Jun,FY25,Actual,Final,90
Historical_Sales_Units,India_Operations,INDUCTION_COOKTOP,CENTRAL,ONLINE,Jun,FY25,Actual,Final,80
Historical_Sales_Units,India_Operations,INDUCTION_COOKTOP,WEST,DISTRIBUTOR,Jun,FY25,Actual,Final,105
Historical_Sales_Units,India_Operations,INDUCTION_COOKTOP,WEST,RETAIL,Jun,FY25,Actual,Final,95
Historical_Sales_Units,India_Operations,INDUCTION_COOKTOP,WEST,ONLINE,Jun,FY25,Actual,Final,85
Historical_Sales_Units,India_Operations,INDUCTION_COOKTOP,SOUTH,DISTRIBUTOR,Jun,FY25,Actual,Final,95
Historical_Sales_Units,India_Operations,INDUCTION_COOKTOP,SOUTH,RETAIL,Jun,FY25,Actual,Final,85
Historical_Sales_Units,India_Operations,INDUCTION_COOKTOP,SOUTH,ONLINE,Jun,FY25,Actual,Final,75
Historical_Sales_Units,India_Operations,MIXER_GRINDER,NORTH,DISTRIBUTOR,Jul,FY25,Actual,Final,165
Historical_Sales_Units,India_Operations,MIXER_GRINDER,NORTH,RETAIL,Jul,FY25,Actual,Final,155
Historical_Sales_Units,India_Operations,MIXER_GRINDER,NORTH,ONLINE,Jul,FY25,Actual,Final,145
Historical_Sales_Units,India_Operations,MIXER_GRINDER,CENTRAL,DISTRIBUTOR,Jul,FY25,Actual,Final,155
Historical_Sales_Units,India_Operations,MIXER_GRINDER,CENTRAL,RETAIL,Jul,FY25,Actual,Final,145
Historical_Sales_Units,India_Operations,MIXER_GRINDER,CENTRAL,ONLINE,Jul,FY25,Actual,Final,135
Historical_Sales_Units,India_Operations,MIXER_GRINDER,WEST,DISTRIBUTOR,Jul,FY25,Actual,Final,160
Historical_Sales_Units,India_Operations,MIXER_GRINDER,WEST,RETAIL,Jul,FY25,Actual,Final,150
Historical_Sales_Units,India_Operations,MIXER_GRINDER,WEST,ONLINE,Jul,FY25,Actual,Final,140
Historical_Sales_Units,India_Operations,MIXER_GRINDER,SOUTH,DISTRIBUTOR,Jul,FY25,Actual,Final,150
Historical_Sales_Units,India_Operations,MIXER_GRINDER,SOUTH,RETAIL,Jul,FY25,Actual,Final,140
Historical_Sales_Units,India_Operations,MIXER_GRINDER,SOUTH,ONLINE,Jul,FY25,Actual,Final,130
Historical_Sales_Units,India_Operations,ELECTRIC_KETTLE,NORTH,DISTRIBUTOR,Jul,FY25,Actual,Final,135
Historical_Sales_Units,India_Operations,ELECTRIC_KETTLE,NORTH,RETAIL,Jul,FY25,Actual,Final,125
Historical_Sales_Units,India_Operations,ELECTRIC_KETTLE,NORTH,ONLINE,Jul,FY25,Actual,Final,115
Historical_Sales_Units,India_Operations,ELECTRIC_KETTLE,CENTRAL,DISTRIBUTOR,Jul,FY25,Actual,Final,125
Historical_Sales_Units,India_Operations,ELECTRIC_KETTLE,CENTRAL,RETAIL,Jul,FY25,Actual,Final,115
Historical_Sales_Units,India_Operations,ELECTRIC_KETTLE,CENTRAL,ONLINE,Jul,FY25,Actual,Final,105
Historical_Sales_Units,India_Operations,ELECTRIC_KETTLE,WEST,DISTRIBUTOR,Jul,FY25,Actual,Final,130
Historical_Sales_Units,India_Operations,ELECTRIC_KETTLE,WEST,RETAIL,Jul,FY25,Actual,Final,120
Historical_Sales_Units,India_Operations,ELECTRIC_KETTLE,WEST,ONLINE,Jul,FY25,Actual,Final,110
Historical_Sales_Units,India_Operations,ELECTRIC_KETTLE,SOUTH,DISTRIBUTOR,Jul,FY25,Actual,Final,120
Historical_Sales_Units,India_Operations,ELECTRIC_KETTLE,SOUTH,RETAIL,Jul,FY25,Actual,Final,110
Historical_Sales_Units,India_Operations,ELECTRIC_KETTLE,SOUTH,ONLINE,Jul,FY25,Actual,Final,100
Historical_Sales_Units,India_Operations,AIR_FRYER,NORTH,DISTRIBUTOR,Jul,FY25,Actual,Final,115
Historical_Sales_Units,India_Operations,AIR_FRYER,NORTH,RETAIL,Jul,FY25,Actual,Final,105
Historical_Sales_Units,India_Operations,AIR_FRYER,NORTH,ONLINE,Jul,FY25,Actual,Final,95
Historical_Sales_Units,India_Operations,AIR_FRYER,CENTRAL,DISTRIBUTOR,Jul,FY25,Actual,Final,105
Historical_Sales_Units,India_Operations,AIR_FRYER,CENTRAL,RETAIL,Jul,FY25,Actual,Final,95
Historical_Sales_Units,India_Operations,AIR_FRYER,CENTRAL,ONLINE,Jul,FY25,Actual,Final,85
Historical_Sales_Units,India_Operations,AIR_FRYER,WEST,DISTRIBUTOR,Jul,FY25,Actual,Final,110
Historical_Sales_Units,India_Operations,AIR_FRYER,WEST,RETAIL,Jul,FY25,Actual,Final,100
Historical_Sales_Units,India_Operations,AIR_FRYER,WEST,ONLINE,Jul,FY25,Actual,Final,90
Historical_Sales_Units,India_Operations,AIR_FRYER,SOUTH,DISTRIBUTOR,Jul,FY25,Actual,Final,100
Historical_Sales_Units,India_Operations,AIR_FRYER,SOUTH,RETAIL,Jul,FY25,Actual,Final,90
Historical_Sales_Units,India_Operations,AIR_FRYER,SOUTH,ONLINE,Jul,FY25,Actual,Final,80
Historical_Sales_Units,India_Operations,INDUCTION_COOKTOP,NORTH,DISTRIBUTOR,Jul,FY25,Actual,Final,105
Historical_Sales_Units,India_Operations,INDUCTION_COOKTOP,NORTH,RETAIL,Jul,FY25,Actual,Final,95
Historical_Sales_Units,India_Operations,INDUCTION_COOKTOP,NORTH,ONLINE,Jul,FY25,Actual,Final,85
Historical_Sales_Units,India_Operations,INDUCTION_COOKTOP,CENTRAL,DISTRIBUTOR,Jul,FY25,Actual,Final,95
Historical_Sales_Units,India_Operations,INDUCTION_COOKTOP,CENTRAL,RETAIL,Jul,FY25,Actual,Final,85
Historical_Sales_Units,India_Operations,INDUCTION_COOKTOP,CENTRAL,ONLINE,Jul,FY25,Actual,Final,75
Historical_Sales_Units,India_Operations,INDUCTION_COOKTOP,WEST,DISTRIBUTOR,Jul,FY25,Actual,Final,100
Historical_Sales_Units,India_Operations,INDUCTION_COOKTOP,WEST,RETAIL,Jul,FY25,Actual,Final,90
Historical_Sales_Units,India_Operations,INDUCTION_COOKTOP,WEST,ONLINE,Jul,FY25,Actual,Final,80
Historical_Sales_Units,India_Operations,INDUCTION_COOKTOP,SOUTH,DISTRIBUTOR,Jul,FY25,Actual,Final,90
Historical_Sales_Units,India_Operations,INDUCTION_COOKTOP,SOUTH,RETAIL,Jul,FY25,Actual,Final,80
Historical_Sales_Units,India_Operations,INDUCTION_COOKTOP,SOUTH,ONLINE,Jul,FY25,Actual,Final,70
Historical_Sales_Units,India_Operations,MIXER_GRINDER,NORTH,DISTRIBUTOR,Aug,FY25,Actual,Final,160
Historical_Sales_Units,India_Operations,MIXER_GRINDER,NORTH,RETAIL,Aug,FY25,Actual,Final,150
Historical_Sales_Units,India_Operations,MIXER_GRINDER,NORTH,ONLINE,Aug,FY25,Actual,Final,140
Historical_Sales_Units,India_Operations,MIXER_GRINDER,CENTRAL,DISTRIBUTOR,Aug,FY25,Actual,Final,150
Historical_Sales_Units,India_Operations,MIXER_GRINDER,CENTRAL,RETAIL,Aug,FY25,Actual,Final,140
Historical_Sales_Units,India_Operations,MIXER_GRINDER,CENTRAL,ONLINE,Aug,FY25,Actual,Final,130
Historical_Sales_Units,India_Operations,MIXER_GRINDER,WEST,DISTRIBUTOR,Aug,FY25,Actual,Final,155
Historical_Sales_Units,India_Operations,MIXER_GRINDER,WEST,RETAIL,Aug,FY25,Actual,Final,145
Historical_Sales_Units,India_Operations,MIXER_GRINDER,WEST,ONLINE,Aug,FY25,Actual,Final,135
Historical_Sales_Units,India_Operations,MIXER_GRINDER,SOUTH,DISTRIBUTOR,Aug,FY25,Actual,Final,145
Historical_Sales_Units,India_Operations,MIXER_GRINDER,SOUTH,RETAIL,Aug,FY25,Actual,Final,135
Historical_Sales_Units,India_Operations,MIXER_GRINDER,SOUTH,ONLINE,Aug,FY25,Actual,Final,125
Historical_Sales_Units,India_Operations,ELECTRIC_KETTLE,NORTH,DISTRIBUTOR,Aug,FY25,Actual,Final,130
Historical_Sales_Units,India_Operations,ELECTRIC_KETTLE,NORTH,RETAIL,Aug,FY25,Actual,Final,120
Historical_Sales_Units,India_Operations,ELECTRIC_KETTLE,NORTH,ONLINE,Aug,FY25,Actual,Final,110
Historical_Sales_Units,India_Operations,ELECTRIC_KETTLE,CENTRAL,DISTRIBUTOR,Aug,FY25,Actual,Final,120
Historical_Sales_Units,India_Operations,ELECTRIC_KETTLE,CENTRAL,RETAIL,Aug,FY25,Actual,Final,110
Historical_Sales_Units,India_Operations,ELECTRIC_KETTLE,CENTRAL,ONLINE,Aug,FY25,Actual,Final,100
Historical_Sales_Units,India_Operations,ELECTRIC_KETTLE,WEST,DISTRIBUTOR,Aug,FY25,Actual,Final,125
Historical_Sales_Units,India_Operations,ELECTRIC_KETTLE,WEST,RETAIL,Aug,FY25,Actual,Final,115
Historical_Sales_Units,India_Operations,ELECTRIC_KETTLE,WEST,ONLINE,Aug,FY25,Actual,Final,105
Historical_Sales_Units,India_Operations,ELECTRIC_KETTLE,SOUTH,DISTRIBUTOR,Aug,FY25,Actual,Final,115
Historical_Sales_Units,India_Operations,ELECTRIC_KETTLE,SOUTH,RETAIL,Aug,FY25,Actual,Final,105
Historical_Sales_Units,India_Operations,ELECTRIC_KETTLE,SOUTH,ONLINE,Aug,FY25,Actual,Final,95
Historical_Sales_Units,India_Operations,AIR_FRYER,NORTH,DISTRIBUTOR,Aug,FY25,Actual,Final,110
Historical_Sales_Units,India_Operations,AIR_FRYER,NORTH,RETAIL,Aug,FY25,Actual,Final,100
Historical_Sales_Units,India_Operations,AIR_FRYER,NORTH,ONLINE,Aug,FY25,Actual,Final,90
Historical_Sales_Units,India_Operations,AIR_FRYER,CENTRAL,DISTRIBUTOR,Aug,FY25,Actual,Final,100
Historical_Sales_Units,India_Operations,AIR_FRYER,CENTRAL,RETAIL,Aug,FY25,Actual,Final,90
Historical_Sales_Units,India_Operations,AIR_FRYER,CENTRAL,ONLINE,Aug,FY25,Actual,Final,80
Historical_Sales_Units,India_Operations,AIR_FRYER,WEST,DISTRIBUTOR,Aug,FY25,Actual,Final,105
Historical_Sales_Units,India_Operations,AIR_FRYER,WEST,RETAIL,Aug,FY25,Actual,Final,95
Historical_Sales_Units,India_Operations,AIR_FRYER,WEST,ONLINE,Aug,FY25,Actual,Final,85
Historical_Sales_Units,India_Operations,AIR_FRYER,SOUTH,DISTRIBUTOR,Aug,FY25,Actual,Final,95
Historical_Sales_Units,India_Operations,AIR_FRYER,SOUTH,RETAIL,Aug,FY25,Actual,Final,85
Historical_Sales_Units,India_Operations,AIR_FRYER,SOUTH,ONLINE,Aug,FY25,Actual,Final,75
Historical_Sales_Units,India_Operations,INDUCTION_COOKTOP,NORTH,DISTRIBUTOR,Aug,FY25,Actual,Final,100
Historical_Sales_Units,India_Operations,INDUCTION_COOKTOP,NORTH,RETAIL,Aug,FY25,Actual,Final,90
Historical_Sales_Units,India_Operations,INDUCTION_COOKTOP,NORTH,ONLINE,Aug,FY25,Actual,Final,80
Historical_Sales_Units,India_Operations,INDUCTION_COOKTOP,CENTRAL,DISTRIBUTOR,Aug,FY25,Actual,Final,90
Historical_Sales_Units,India_Operations,INDUCTION_COOKTOP,CENTRAL,RETAIL,Aug,FY25,Actual,Final,80
Historical_Sales_Units,India_Operations,INDUCTION_COOKTOP,CENTRAL,ONLINE,Aug,FY25,Actual,Final,70
Historical_Sales_Units,India_Operations,INDUCTION_COOKTOP,WEST,DISTRIBUTOR,Aug,FY25,Actual,Final,95
Historical_Sales_Units,India_Operations,INDUCTION_COOKTOP,WEST,RETAIL,Aug,FY25,Actual,Final,85
Historical_Sales_Units,India_Operations,INDUCTION_COOKTOP,WEST,ONLINE,Aug,FY25,Actual,Final,75
Historical_Sales_Units,India_Operations,INDUCTION_COOKTOP,SOUTH,DISTRIBUTOR,Aug,FY25,Actual,Final,85
Historical_Sales_Units,India_Operations,INDUCTION_COOKTOP,SOUTH,RETAIL,Aug,FY25,Actual,Final,75
Historical_Sales_Units,India_Operations,INDUCTION_COOKTOP,SOUTH,ONLINE,Aug,FY25,Actual,Final,65
Historical_Sales_Units,India_Operations,MIXER_GRINDER,NORTH,DISTRIBUTOR,Sep,FY25,Actual,Final,155
Historical_Sales_Units,India_Operations,MIXER_GRINDER,NORTH,RETAIL,Sep,FY25,Actual,Final,145
Historical_Sales_Units,India_Operations,MIXER_GRINDER,NORTH,ONLINE,Sep,FY25,Actual,Final,135
Historical_Sales_Units,India_Operations,MIXER_GRINDER,CENTRAL,DISTRIBUTOR,Sep,FY25,Actual,Final,145
Historical_Sales_Units,India_Operations,MIXER_GRINDER,CENTRAL,RETAIL,Sep,FY25,Actual,Final,135
Historical_Sales_Units,India_Operations,MIXER_GRINDER,CENTRAL,ONLINE,Sep,FY25,Actual,Final,125
Historical_Sales_Units,India_Operations,MIXER_GRINDER,WEST,DISTRIBUTOR,Sep,FY25,Actual,Final,150
Historical_Sales_Units,India_Operations,MIXER_GRINDER,WEST,RETAIL,Sep,FY25,Actual,Final,140
Historical_Sales_Units,India_Operations,MIXER_GRINDER,WEST,ONLINE,Sep,FY25,Actual,Final,130
Historical_Sales_Units,India_Operations,MIXER_GRINDER,SOUTH,DISTRIBUTOR,Sep,FY25,Actual,Final,140
Historical_Sales_Units,India_Operations,MIXER_GRINDER,SOUTH,RETAIL,Sep,FY25,Actual,Final,130
Historical_Sales_Units,India_Operations,MIXER_GRINDER,SOUTH,ONLINE,Sep,FY25,Actual,Final,120
Historical_Sales_Units,India_Operations,ELECTRIC_KETTLE,NORTH,DISTRIBUTOR,Sep,FY25,Actual,Final,125
Historical_Sales_Units,India_Operations,ELECTRIC_KETTLE,NORTH,RETAIL,Sep,FY25,Actual,Final,115
Historical_Sales_Units,India_Operations,ELECTRIC_KETTLE,NORTH,ONLINE,Sep,FY25,Actual,Final,105
Historical_Sales_Units,India_Operations,ELECTRIC_KETTLE,CENTRAL,DISTRIBUTOR,Sep,FY25,Actual,Final,115
Historical_Sales_Units,India_Operations,ELECTRIC_KETTLE,CENTRAL,RETAIL,Sep,FY25,Actual,Final,105
Historical_Sales_Units,India_Operations,ELECTRIC_KETTLE,CENTRAL,ONLINE,Sep,FY25,Actual,Final,95
Historical_Sales_Units,India_Operations,ELECTRIC_KETTLE,WEST,DISTRIBUTOR,Sep,FY25,Actual,Final,120
Historical_Sales_Units,India_Operations,ELECTRIC_KETTLE,WEST,RETAIL,Sep,FY25,Actual,Final,110
Historical_Sales_Units,India_Operations,ELECTRIC_KETTLE,WEST,ONLINE,Sep,FY25,Actual,Final,100
Historical_Sales_Units,India_Operations,ELECTRIC_KETTLE,SOUTH,DISTRIBUTOR,Sep,FY25,Actual,Final,110
Historical_Sales_Units,India_Operations,ELECTRIC_KETTLE,SOUTH,RETAIL,Sep,FY25,Actual,Final,100
Historical_Sales_Units,India_Operations,ELECTRIC_KETTLE,SOUTH,ONLINE,Sep,FY25,Actual,Final,90
Historical_Sales_Units,India_Operations,AIR_FRYER,NORTH,DISTRIBUTOR,Sep,FY25,Actual,Final,105
Historical_Sales_Units,India_Operations,AIR_FRYER,NORTH,RETAIL,Sep,FY25,Actual,Final,95
Historical_Sales_Units,India_Operations,AIR_FRYER,NORTH,ONLINE,Sep,FY25,Actual,Final,85
Historical_Sales_Units,India_Operations,AIR_FRYER,CENTRAL,DISTRIBUTOR,Sep,FY25,Actual,Final,95
Historical_Sales_Units,India_Operations,AIR_FRYER,CENTRAL,RETAIL,Sep,FY25,Actual,Final,85
Historical_Sales_Units,India_Operations,AIR_FRYER,CENTRAL,ONLINE,Sep,FY25,Actual,Final,75
Historical_Sales_Units,India_Operations,AIR_FRYER,WEST,DISTRIBUTOR,Sep,FY25,Actual,Final,100
Historical_Sales_Units,India_Operations,AIR_FRYER,WEST,RETAIL,Sep,FY25,Actual,Final,90
Historical_Sales_Units,India_Operations,AIR_FRYER,WEST,ONLINE,Sep,FY25,Actual,Final,80
Historical_Sales_Units,India_Operations,AIR_FRYER,SOUTH,DISTRIBUTOR,Sep,FY25,Actual,Final,90
Historical_Sales_Units,India_Operations,AIR_FRYER,SOUTH,RETAIL,Sep,FY25,Actual,Final,80
Historical_Sales_Units,India_Operations,AIR_FRYER,SOUTH,ONLINE,Sep,FY25,Actual,Final,70
Historical_Sales_Units,India_Operations,INDUCTION_COOKTOP,NORTH,DISTRIBUTOR,Sep,FY25,Actual,Final,95
Historical_Sales_Units,India_Operations,INDUCTION_COOKTOP,NORTH,RETAIL,Sep,FY25,Actual,Final,85
Historical_Sales_Units,India_Operations,INDUCTION_COOKTOP,NORTH,ONLINE,Sep,FY25,Actual,Final,75
Historical_Sales_Units,India_Operations,INDUCTION_COOKTOP,CENTRAL,DISTRIBUTOR,Sep,FY25,Actual,Final,85
Historical_Sales_Units,India_Operations,INDUCTION_COOKTOP,CENTRAL,RETAIL,Sep,FY25,Actual,Final,75
Historical_Sales_Units,India_Operations,INDUCTION_COOKTOP,CENTRAL,ONLINE,Sep,FY25,Actual,Final,65
Historical_Sales_Units,India_Operations,INDUCTION_COOKTOP,WEST,DISTRIBUTOR,Sep,FY25,Actual,Final,90
Historical_Sales_Units,India_Operations,INDUCTION_COOKTOP,WEST,RETAIL,Sep,FY25,Actual,Final,80
Historical_Sales_Units,India_Operations,INDUCTION_COOKTOP,WEST,ONLINE,Sep,FY25,Actual,Final,70
Historical_Sales_Units,India_Operations,INDUCTION_COOKTOP,SOUTH,DISTRIBUTOR,Sep,FY25,Actual,Final,80
Historical_Sales_Units,India_Operations,INDUCTION_COOKTOP,SOUTH,RETAIL,Sep,FY25,Actual,Final,70
Historical_Sales_Units,India_Operations,INDUCTION_COOKTOP,SOUTH,ONLINE,Sep,FY25,Actual,Final,60
Historical_Sales_Units,India_Operations,MIXER_GRINDER,NORTH,DISTRIBUTOR,Oct,FY25,Actual,Final,170
Historical_Sales_Units,India_Operations,MIXER_GRINDER,NORTH,RETAIL,Oct,FY25,Actual,Final,160
Historical_Sales_Units,India_Operations,MIXER_GRINDER,NORTH,ONLINE,Oct,FY25,Actual,Final,150
Historical_Sales_Units,India_Operations,MIXER_GRINDER,CENTRAL,DISTRIBUTOR,Oct,FY25,Actual,Final,160
Historical_Sales_Units,India_Operations,MIXER_GRINDER,CENTRAL,RETAIL,Oct,FY25,Actual,Final,150
Historical_Sales_Units,India_Operations,MIXER_GRINDER,CENTRAL,ONLINE,Oct,FY25,Actual,Final,140
Historical_Sales_Units,India_Operations,MIXER_GRINDER,WEST,DISTRIBUTOR,Oct,FY25,Actual,Final,165
Historical_Sales_Units,India_Operations,MIXER_GRINDER,WEST,RETAIL,Oct,FY25,Actual,Final,155
Historical_Sales_Units,India_Operations,MIXER_GRINDER,WEST,ONLINE,Oct,FY25,Actual,Final,145
Historical_Sales_Units,India_Operations,MIXER_GRINDER,SOUTH,DISTRIBUTOR,Oct,FY25,Actual,Final,155
Historical_Sales_Units,India_Operations,MIXER_GRINDER,SOUTH,RETAIL,Oct,FY25,Actual,Final,145
Historical_Sales_Units,India_Operations,MIXER_GRINDER,SOUTH,ONLINE,Oct,FY25,Actual,Final,135
Historical_Sales_Units,India_Operations,ELECTRIC_KETTLE,NORTH,DISTRIBUTOR,Oct,FY25,Actual,Final,140
Historical_Sales_Units,India_Operations,ELECTRIC_KETTLE,NORTH,RETAIL,Oct,FY25,Actual,Final,130
Historical_Sales_Units,India_Operations,ELECTRIC_KETTLE,NORTH,ONLINE,Oct,FY25,Actual,Final,120
Historical_Sales_Units,India_Operations,ELECTRIC_KETTLE,CENTRAL,DISTRIBUTOR,Oct,FY25,Actual,Final,130
Historical_Sales_Units,India_Operations,ELECTRIC_KETTLE,CENTRAL,RETAIL,Oct,FY25,Actual,Final,120
Historical_Sales_Units,India_Operations,ELECTRIC_KETTLE,CENTRAL,ONLINE,Oct,FY25,Actual,Final,110
Historical_Sales_Units,India_Operations,ELECTRIC_KETTLE,WEST,DISTRIBUTOR,Oct,FY25,Actual,Final,135
Historical_Sales_Units,India_Operations,ELECTRIC_KETTLE,WEST,RETAIL,Oct,FY25,Actual,Final,125
Historical_Sales_Units,India_Operations,ELECTRIC_KETTLE,WEST,ONLINE,Oct,FY25,Actual,Final,115
Historical_Sales_Units,India_Operations,ELECTRIC_KETTLE,SOUTH,DISTRIBUTOR,Oct,FY25,Actual,Final,125
Historical_Sales_Units,India_Operations,ELECTRIC_KETTLE,SOUTH,RETAIL,Oct,FY25,Actual,Final,115
Historical_Sales_Units,India_Operations,ELECTRIC_KETTLE,SOUTH,ONLINE,Oct,FY25,Actual,Final,105
Historical_Sales_Units,India_Operations,AIR_FRYER,NORTH,DISTRIBUTOR,Oct,FY25,Actual,Final,120
Historical_Sales_Units,India_Operations,AIR_FRYER,NORTH,RETAIL,Oct,FY25,Actual,Final,110
Historical_Sales_Units,India_Operations,AIR_FRYER,NORTH,ONLINE,Oct,FY25,Actual,Final,100
Historical_Sales_Units,India_Operations,AIR_FRYER,CENTRAL,DISTRIBUTOR,Oct,FY25,Actual,Final,110
Historical_Sales_Units,India_Operations,AIR_FRYER,CENTRAL,RETAIL,Oct,FY25,Actual,Final,100
Historical_Sales_Units,India_Operations,AIR_FRYER,CENTRAL,ONLINE,Oct,FY25,Actual,Final,90
Historical_Sales_Units,India_Operations,AIR_FRYER,WEST,DISTRIBUTOR,Oct,FY25,Actual,Final,115
Historical_Sales_Units,India_Operations,AIR_FRYER,WEST,RETAIL,Oct,FY25,Actual,Final,105
Historical_Sales_Units,India_Operations,AIR_FRYER,WEST,ONLINE,Oct,FY25,Actual,Final,95
Historical_Sales_Units,India_Operations,AIR_FRYER,SOUTH,DISTRIBUTOR,Oct,FY25,Actual,Final,105
Historical_Sales_Units,India_Operations,AIR_FRYER,SOUTH,RETAIL,Oct,FY25,Actual,Final,95
Historical_Sales_Units,India_Operations,AIR_FRYER,SOUTH,ONLINE,Oct,FY25,Actual,Final,85
Historical_Sales_Units,India_Operations,INDUCTION_COOKTOP,NORTH,DISTRIBUTOR,Oct,FY25,Actual,Final,110
Historical_Sales_Units,India_Operations,INDUCTION_COOKTOP,NORTH,RETAIL,Oct,FY25,Actual,Final,100
Historical_Sales_Units,India_Operations,INDUCTION_COOKTOP,NORTH,ONLINE,Oct,FY25,Actual,Final,90
Historical_Sales_Units,India_Operations,INDUCTION_COOKTOP,CENTRAL,DISTRIBUTOR,Oct,FY25,Actual,Final,100
Historical_Sales_Units,India_Operations,INDUCTION_COOKTOP,CENTRAL,RETAIL,Oct,FY25,Actual,Final,90
Historical_Sales_Units,India_Operations,INDUCTION_COOKTOP,CENTRAL,ONLINE,Oct,FY25,Actual,Final,80
Historical_Sales_Units,India_Operations,INDUCTION_COOKTOP,WEST,DISTRIBUTOR,Oct,FY25,Actual,Final,105
Historical_Sales_Units,India_Operations,INDUCTION_COOKTOP,WEST,RETAIL,Oct,FY25,Actual,Final,95
Historical_Sales_Units,India_Operations,INDUCTION_COOKTOP,WEST,ONLINE,Oct,FY25,Actual,Final,85
Historical_Sales_Units,India_Operations,INDUCTION_COOKTOP,SOUTH,DISTRIBUTOR,Oct,FY25,Actual,Final,95
Historical_Sales_Units,India_Operations,INDUCTION_COOKTOP,SOUTH,RETAIL,Oct,FY25,Actual,Final,85
Historical_Sales_Units,India_Operations,INDUCTION_COOKTOP,SOUTH,ONLINE,Oct,FY25,Actual,Final,75
Historical_Sales_Units,India_Operations,MIXER_GRINDER,NORTH,DISTRIBUTOR,Nov,FY25,Actual,Final,180
Historical_Sales_Units,India_Operations,MIXER_GRINDER,NORTH,RETAIL,Nov,FY25,Actual,Final,170
Historical_Sales_Units,India_Operations,MIXER_GRINDER,NORTH,ONLINE,Nov,FY25,Actual,Final,160
Historical_Sales_Units,India_Operations,MIXER_GRINDER,CENTRAL,DISTRIBUTOR,Nov,FY25,Actual,Final,170
Historical_Sales_Units,India_Operations,MIXER_GRINDER,CENTRAL,RETAIL,Nov,FY25,Actual,Final,160
Historical_Sales_Units,India_Operations,MIXER_GRINDER,CENTRAL,ONLINE,Nov,FY25,Actual,Final,150
Historical_Sales_Units,India_Operations,MIXER_GRINDER,WEST,DISTRIBUTOR,Nov,FY25,Actual,Final,175
Historical_Sales_Units,India_Operations,MIXER_GRINDER,WEST,RETAIL,Nov,FY25,Actual,Final,165
Historical_Sales_Units,India_Operations,MIXER_GRINDER,WEST,ONLINE,Nov,FY25,Actual,Final,155
Historical_Sales_Units,India_Operations,MIXER_GRINDER,SOUTH,DISTRIBUTOR,Nov,FY25,Actual,Final,165
Historical_Sales_Units,India_Operations,MIXER_GRINDER,SOUTH,RETAIL,Nov,FY25,Actual,Final,155
Historical_Sales_Units,India_Operations,MIXER_GRINDER,SOUTH,ONLINE,Nov,FY25,Actual,Final,145
Historical_Sales_Units,India_Operations,ELECTRIC_KETTLE,NORTH,DISTRIBUTOR,Nov,FY25,Actual,Final,150
Historical_Sales_Units,India_Operations,ELECTRIC_KETTLE,NORTH,RETAIL,Nov,FY25,Actual,Final,140
Historical_Sales_Units,India_Operations,ELECTRIC_KETTLE,NORTH,ONLINE,Nov,FY25,Actual,Final,130
Historical_Sales_Units,India_Operations,ELECTRIC_KETTLE,CENTRAL,DISTRIBUTOR,Nov,FY25,Actual,Final,140
Historical_Sales_Units,India_Operations,ELECTRIC_KETTLE,CENTRAL,RETAIL,Nov,FY25,Actual,Final,130
Historical_Sales_Units,India_Operations,ELECTRIC_KETTLE,CENTRAL,ONLINE,Nov,FY25,Actual,Final,120
Historical_Sales_Units,India_Operations,ELECTRIC_KETTLE,WEST,DISTRIBUTOR,Nov,FY25,Actual,Final,145
Historical_Sales_Units,India_Operations,ELECTRIC_KETTLE,WEST,RETAIL,Nov,FY25,Actual,Final,135
Historical_Sales_Units,India_Operations,ELECTRIC_KETTLE,WEST,ONLINE,Nov,FY25,Actual,Final,125
Historical_Sales_Units,India_Operations,ELECTRIC_KETTLE,SOUTH,DISTRIBUTOR,Nov,FY25,Actual,Final,135
Historical_Sales_Units,India_Operations,ELECTRIC_KETTLE,SOUTH,RETAIL,Nov,FY25,Actual,Final,125
Historical_Sales_Units,India_Operations,ELECTRIC_KETTLE,SOUTH,ONLINE,Nov,FY25,Actual,Final,115
Historical_Sales_Units,India_Operations,AIR_FRYER,NORTH,DISTRIBUTOR,Nov,FY25,Actual,Final,130
Historical_Sales_Units,India_Operations,AIR_FRYER,NORTH,RETAIL,Nov,FY25,Actual,Final,120
Historical_Sales_Units,India_Operations,AIR_FRYER,NORTH,ONLINE,Nov,FY25,Actual,Final,110
Historical_Sales_Units,India_Operations,AIR_FRYER,CENTRAL,DISTRIBUTOR,Nov,FY25,Actual,Final,120
Historical_Sales_Units,India_Operations,AIR_FRYER,CENTRAL,RETAIL,Nov,FY25,Actual,Final,110
Historical_Sales_Units,India_Operations,AIR_FRYER,CENTRAL,ONLINE,Nov,FY25,Actual,Final,100
Historical_Sales_Units,India_Operations,AIR_FRYER,WEST,DISTRIBUTOR,Nov,FY25,Actual,Final,125
Historical_Sales_Units,India_Operations,AIR_FRYER,WEST,RETAIL,Nov,FY25,Actual,Final,115
Historical_Sales_Units,India_Operations,AIR_FRYER,WEST,ONLINE,Nov,FY25,Actual,Final,105
Historical_Sales_Units,India_Operations,AIR_FRYER,SOUTH,DISTRIBUTOR,Nov,FY25,Actual,Final,115
Historical_Sales_Units,India_Operations,AIR_FRYER,SOUTH,RETAIL,Nov,FY25,Actual,Final,105
Historical_Sales_Units,India_Operations,AIR_FRYER,SOUTH,ONLINE,Nov,FY25,Actual,Final,95
Historical_Sales_Units,India_Operations,INDUCTION_COOKTOP,NORTH,DISTRIBUTOR,Nov,FY25,Actual,Final,120
Historical_Sales_Units,India_Operations,INDUCTION_COOKTOP,NORTH,RETAIL,Nov,FY25,Actual,Final,110
Historical_Sales_Units,India_Operations,INDUCTION_COOKTOP,NORTH,ONLINE,Nov,FY25,Actual,Final,100
Historical_Sales_Units,India_Operations,INDUCTION_COOKTOP,CENTRAL,DISTRIBUTOR,Nov,FY25,Actual,Final,110
Historical_Sales_Units,India_Operations,INDUCTION_COOKTOP,CENTRAL,RETAIL,Nov,FY25,Actual,Final,100
Historical_Sales_Units,India_Operations,INDUCTION_COOKTOP,CENTRAL,ONLINE,Nov,FY25,Actual,Final,90
Historical_Sales_Units,India_Operations,INDUCTION_COOKTOP,WEST,DISTRIBUTOR,Nov,FY25,Actual,Final,115
Historical_Sales_Units,India_Operations,INDUCTION_COOKTOP,WEST,RETAIL,Nov,FY25,Actual,Final,105
Historical_Sales_Units,India_Operations,INDUCTION_COOKTOP,WEST,ONLINE,Nov,FY25,Actual,Final,95
Historical_Sales_Units,India_Operations,INDUCTION_COOKTOP,SOUTH,DISTRIBUTOR,Nov,FY25,Actual,Final,105
Historical_Sales_Units,India_Operations,INDUCTION_COOKTOP,SOUTH,RETAIL,Nov,FY25,Actual,Final,95
Historical_Sales_Units,India_Operations,INDUCTION_COOKTOP,SOUTH,ONLINE,Nov,FY25,Actual,Final,85
Historical_Sales_Units,India_Operations,MIXER_GRINDER,NORTH,DISTRIBUTOR,Dec,FY25,Actual,Final,185
Historical_Sales_Units,India_Operations,MIXER_GRINDER,NORTH,RETAIL,Dec,FY25,Actual,Final,175
Historical_Sales_Units,India_Operations,MIXER_GRINDER,NORTH,ONLINE,Dec,FY25,Actual,Final,165
Historical_Sales_Units,India_Operations,MIXER_GRINDER,CENTRAL,DISTRIBUTOR,Dec,FY25,Actual,Final,175
Historical_Sales_Units,India_Operations,MIXER_GRINDER,CENTRAL,RETAIL,Dec,FY25,Actual,Final,165
Historical_Sales_Units,India_Operations,MIXER_GRINDER,CENTRAL,ONLINE,Dec,FY25,Actual,Final,155
Historical_Sales_Units,India_Operations,MIXER_GRINDER,WEST,DISTRIBUTOR,Dec,FY25,Actual,Final,180
Historical_Sales_Units,India_Operations,MIXER_GRINDER,WEST,RETAIL,Dec,FY25,Actual,Final,170
Historical_Sales_Units,India_Operations,MIXER_GRINDER,WEST,ONLINE,Dec,FY25,Actual,Final,160
Historical_Sales_Units,India_Operations,MIXER_GRINDER,SOUTH,DISTRIBUTOR,Dec,FY25,Actual,Final,170
Historical_Sales_Units,India_Operations,MIXER_GRINDER,SOUTH,RETAIL,Dec,FY25,Actual,Final,160
Historical_Sales_Units,India_Operations,MIXER_GRINDER,SOUTH,ONLINE,Dec,FY25,Actual,Final,150
Historical_Sales_Units,India_Operations,ELECTRIC_KETTLE,NORTH,DISTRIBUTOR,Dec,FY25,Actual,Final,155
Historical_Sales_Units,India_Operations,ELECTRIC_KETTLE,NORTH,RETAIL,Dec,FY25,Actual,Final,145
Historical_Sales_Units,India_Operations,ELECTRIC_KETTLE,NORTH,ONLINE,Dec,FY25,Actual,Final,135
Historical_Sales_Units,India_Operations,ELECTRIC_KETTLE,CENTRAL,DISTRIBUTOR,Dec,FY25,Actual,Final,145
Historical_Sales_Units,India_Operations,ELECTRIC_KETTLE,CENTRAL,RETAIL,Dec,FY25,Actual,Final,135
Historical_Sales_Units,India_Operations,ELECTRIC_KETTLE,CENTRAL,ONLINE,Dec,FY25,Actual,Final,125
Historical_Sales_Units,India_Operations,ELECTRIC_KETTLE,WEST,DISTRIBUTOR,Dec,FY25,Actual,Final,150
Historical_Sales_Units,India_Operations,ELECTRIC_KETTLE,WEST,RETAIL,Dec,FY25,Actual,Final,140
Historical_Sales_Units,India_Operations,ELECTRIC_KETTLE,WEST,ONLINE,Dec,FY25,Actual,Final,130
Historical_Sales_Units,India_Operations,ELECTRIC_KETTLE,SOUTH,DISTRIBUTOR,Dec,FY25,Actual,Final,140
Historical_Sales_Units,India_Operations,ELECTRIC_KETTLE,SOUTH,RETAIL,Dec,FY25,Actual,Final,130
Historical_Sales_Units,India_Operations,ELECTRIC_KETTLE,SOUTH,ONLINE,Dec,FY25,Actual,Final,120
Historical_Sales_Units,India_Operations,AIR_FRYER,NORTH,DISTRIBUTOR,Dec,FY25,Actual,Final,135
Historical_Sales_Units,India_Operations,AIR_FRYER,NORTH,RETAIL,Dec,FY25,Actual,Final,125
Historical_Sales_Units,India_Operations,AIR_FRYER,NORTH,ONLINE,Dec,FY25,Actual,Final,115
Historical_Sales_Units,India_Operations,AIR_FRYER,CENTRAL,DISTRIBUTOR,Dec,FY25,Actual,Final,125
Historical_Sales_Units,India_Operations,AIR_FRYER,CENTRAL,RETAIL,Dec,FY25,Actual,Final,115
Historical_Sales_Units,India_Operations,AIR_FRYER,CENTRAL,ONLINE,Dec,FY25,Actual,Final,105
Historical_Sales_Units,India_Operations,AIR_FRYER,WEST,DISTRIBUTOR,Dec,FY25,Actual,Final,130
Historical_Sales_Units,India_Operations,AIR_FRYER,WEST,RETAIL,Dec,FY25,Actual,Final,120
Historical_Sales_Units,India_Operations,AIR_FRYER,WEST,ONLINE,Dec,FY25,Actual,Final,110
Historical_Sales_Units,India_Operations,AIR_FRYER,SOUTH,DISTRIBUTOR,Dec,FY25,Actual,Final,120
Historical_Sales_Units,India_Operations,AIR_FRYER,SOUTH,RETAIL,Dec,FY25,Actual,Final,110
Historical_Sales_Units,India_Operations,AIR_FRYER,SOUTH,ONLINE,Dec,FY25,Actual,Final,100
Historical_Sales_Units,India_Operations,INDUCTION_COOKTOP,NORTH,DISTRIBUTOR,Dec,FY25,Actual,Final,125
Historical_Sales_Units,India_Operations,INDUCTION_COOKTOP,NORTH,RETAIL,Dec,FY25,Actual,Final,115
Historical_Sales_Units,India_Operations,INDUCTION_COOKTOP,NORTH,ONLINE,Dec,FY25,Actual,Final,105
Historical_Sales_Units,India_Operations,INDUCTION_COOKTOP,CENTRAL,DISTRIBUTOR,Dec,FY25,Actual,Final,115
Historical_Sales_Units,India_Operations,INDUCTION_COOKTOP,CENTRAL,RETAIL,Dec,FY25,Actual,Final,105
Historical_Sales_Units,India_Operations,INDUCTION_COOKTOP,CENTRAL,ONLINE,Dec,FY25,Actual,Final,95
Historical_Sales_Units,India_Operations,INDUCTION_COOKTOP,WEST,DISTRIBUTOR,Dec,FY25,Actual,Final,120
Historical_Sales_Units,India_Operations,INDUCTION_COOKTOP,WEST,RETAIL,Dec,FY25,Actual,Final,110
Historical_Sales_Units,India_Operations,INDUCTION_COOKTOP,WEST,ONLINE,Dec,FY25,Actual,Final,100
Historical_Sales_Units,India_Operations,INDUCTION_COOKTOP,SOUTH,DISTRIBUTOR,Dec,FY25,Actual,Final,110
Historical_Sales_Units,India_Operations,INDUCTION_COOKTOP,SOUTH,RETAIL,Dec,FY25,Actual,Final,100
Historical_Sales_Units,India_Operations,INDUCTION_COOKTOP,SOUTH,ONLINE,Dec,FY25,Actual,Final,90
