Step_ID,Workflow,Task_or_State,Scope,Primary_Owner,Reviewer_or_Approver,Dependency,Entry_Control,Required_Evidence,Exit_Action,Exception_Path,Status
WF-01,Planning Approvals,Not Started,Forecast Working Pune,Service Administrator,Business Process Owner,Security and hierarchy approved,Approved cycle opening,Start timestamp and hierarchy assignment,Start,Do not start if ownership is incomplete,Draft
WF-02,Planning Approvals,Under Review - Prepare,Forecast Working Pune,Operations Planner,Operations Reviewer,WF-01,Actuals reconciled and forms open,Input comment; validation result; calculation job,Submit,Return for missing evidence,Draft
WF-03,Planning Approvals,Under Review - Operations Review,Forecast Working Pune,Operations Reviewer,Finance Approver,WF-02,Critical exceptions zero and capacity reviewed,Reviewer annotation and exception disposition,Promote,Reject to preparer with reason,Draft
WF-04,Planning Approvals,Under Review - Finance Approval,Forecast Working Pune,Finance Approver,Finance Director,WF-03,Balance and reporting variances zero,Financial reconciliation and approval annotation,Approve,Reject to prior owner with reason,Draft
WF-05,Planning Approvals,Approved,Forecast Working Pune,Finance Approver,Process Owner,WF-04,All controls passed,Approval history and locked baseline,Complete,Controlled reopen with authorization and reapproval,Draft
TM-01,Task Manager,Load and reconcile actuals,Monthly cycle,Data Integration,Finance Reviewer,None,Source files approved,Job result; source-to-Plan1 reconciliation,Submit and approve,Alert and remediate,Draft
TM-02,Task Manager,Prepare sales forecast,Monthly cycle,Sales Planner,Sales Reviewer,TM-01,Actuals available,Sales comment; rule job; exception list,Submit and approve,Reject with reason,Draft
TM-03,Task Manager,Review production and capacity,Monthly cycle,Operations Planner,Operations Reviewer,TM-02,Consensus demand ready,Production job; capacity review; approval-unit status,Submit and approve,Reject or escalate,Draft
TM-04,Task Manager,Review integrated financials,Monthly cycle,Finance Planner,Finance Approver,TM-03,Operational plans approved,Statement reconciliation; balance control; cash review,Submit and approve,Reject and rerun dependencies,Draft
TM-05,Task Manager,Approve and publish,Monthly cycle,Process Owner,Finance Director,TM-04,Approval units approved,Final reconciliation; exception log; sign-off,Approve,Hold publish and escalate,Draft
