MEASURE_CODE,ENTITY_CODE,PRODUCT_CODE,CUSTOMER_CODE,CHANNEL_CODE,PERIOD,YEAR,SCENARIO,CURRENCY,AMOUNT
SALES_QTY,IN_WEST,P100,C100,RTL,2026-01,FY26,ACT,INR,120
SALES_QTY,IN_WEST,P200,C100,RTL,2026-01,FY26,ACT,INR,80
SALES_QTY,IN_WEST,P100,C200,RTL,2026-01,FY26,ACT,INR,95
SALES_QTY,IN_WEST,P200,C200,RTL,2026-01,FY26,ACT,INR,105
SALES_QTY,IN_NORTH,P100,C100,RTL,2026-01,FY26,ACT,INR,130
SALES_QTY,IN_NORTH,P200,C100,RTL,2026-01,FY26,ACT,INR,70
SALES_QTY,IN_NORTH,P100,C200,RTL,2026-01,FY26,ACT,INR,110
SALES_QTY,IN_NORTH,P200,C200,RTL,2026-01,FY26,ACT,INR,90

