Control ID,Journey Step,Role,Approved POV / Scope,Input / Source,Expected Result,Actual Result,Expected Total,Actual Total,Variance,Tolerance,Status,Job / Process ID,Incident / Condition ID,Owner,Reviewer,Evidence Link,Comments
FC-01,Production identity and access,Pilot Planner,"Production ApexPlan and authorized Entity","Approved URL and role","Correct application; allowed navigation; protected functions denied",,,,,,Not Started,,,Security Lead,Business Process Owner,,
FC-02,Final or first-cycle source load,Data Integration,"Approved Scenario Version Year Period Entity","Controlled file and checksum","Accepted plus rejected counts and values reconcile to source",,,,,0,Not Started,,,Data Integration Lead,Finance Data Owner,,
FC-03,Planning form input,Pilot Planner,"Visible approved POV","Approved first-cycle input","Input saved only to authorized writable intersections",,,,,0,Not Started,,,Functional Lead,Business Process Owner,,
FC-04,Calculation and repeatability,Planning Lead,"Bounded production POV","Deployed rule version","Expected calculation and unchanged rerun do not duplicate results",,,,,0,Not Started,,,Rule Owner,Functional Lead,,
FC-05,Workflow and task ownership,Planner and Approver,"Approval unit and first-cycle task","Submitted planning data","Correct owner status due time dependency and approval",,,,,0,Not Started,,,Workflow Owner,Business Process Owner,,
FC-06,Plan1 reconciliation,Finance Reviewer,"Same governed first-cycle POV","Source load and approved calculations","Full-precision Plan1 totals and controls reconcile",,,,,0,Not Started,,,Finance Data Owner,Finance Controller,,
FC-07,ApexPlan ASO publish,Reporting Lead,"Approved publish POV","Accepted Plan1 results","ASO record and value totals reconcile to Plan1",,,,,0,Not Started,,,Reporting Lead,Finance Controller,,
FC-08,Dashboard validation,Business Reviewer,"Visible approved filters","ApexPlan ASO result","KPI definitions filters drill and refresh agree with controls",,,,,0,Not Started,,,Reporting Lead,Executive Business Owner,,
FC-09,Smart View production check,Pilot Planner,"Approved connection template and POV","Web form and reporting controls","Refresh submit protection and totals behave as approved",,,,,0,Not Started,,,Smart View Owner,Security Lead,,
